iter,cohort,case,PTEN,EGF_nM
iter 1,CNT,Case0,561,0.01
iter 2,CNT,Case0,561,0.01
iter 3,CNT,Case0,561,0.01
iter 4,CNT,Case0,561,0.01
iter 5,CNT,Case0,561,0.01
iter 6,CNT,Case0,561,0.01
iter 7,CNT,Case0,561,0.01
iter 8,CNT,Case0,561,0.01
iter 1,CNT,Case1,5610,0.01
iter 2,CNT,Case1,5610,0.01
iter 3,CNT,Case1,5610,0.01
iter 4,CNT,Case1,5610,0.01
iter 5,CNT,Case1,5610,0.01
iter 6,CNT,Case1,5610,0.01
iter 7,CNT,Case1,5610,0.01
iter 8,CNT,Case1,5610,0.01
iter 1,CNT,Case2,11220,0.01
iter 2,CNT,Case2,11220,0.01
iter 3,CNT,Case2,11220,0.01
iter 4,CNT,Case2,11220,0.01
iter 5,CNT,Case2,11220,0.01
iter 6,CNT,Case2,11220,0.01
iter 7,CNT,Case2,11220,0.01
iter 8,CNT,Case2,11220,0.01
iter 1,CNT,Case3,22440,0.01
iter 2,CNT,Case3,22440,0.01
iter 3,CNT,Case3,22440,0.01
iter 4,CNT,Case3,22440,0.01
iter 5,CNT,Case3,22440,0.01
iter 6,CNT,Case3,22440,0.01
iter 7,CNT,Case3,22440,0.01
iter 8,CNT,Case3,22440,0.01
iter 1,CNT,Case4,28050,0.01
iter 2,CNT,Case4,28050,0.01
iter 3,CNT,Case4,28050,0.01
iter 4,CNT,Case4,28050,0.01
iter 5,CNT,Case4,28050,0.01
iter 6,CNT,Case4,28050,0.01
iter 7,CNT,Case4,28050,0.01
iter 8,CNT,Case4,28050,0.01
iter 1,CNT,Case5,33660,0.01
iter 2,CNT,Case5,33660,0.01
iter 3,CNT,Case5,33660,0.01
iter 4,CNT,Case5,33660,0.01
iter 5,CNT,Case5,33660,0.01
iter 6,CNT,Case5,33660,0.01
iter 7,CNT,Case5,33660,0.01
iter 8,CNT,Case5,33660,0.01
iter 1,CNT,Case6,44880,0.01
iter 2,CNT,Case6,44880,0.01
iter 3,CNT,Case6,44880,0.01
iter 4,CNT,Case6,44880,0.01
iter 5,CNT,Case6,44880,0.01
iter 6,CNT,Case6,44880,0.01
iter 7,CNT,Case6,44880,0.01
iter 8,CNT,Case6,44880,0.01
iter 1,CNT,Case7,56100,0.01
iter 2,CNT,Case7,56100,0.01
iter 3,CNT,Case7,56100,0.01
iter 4,CNT,Case7,56100,0.01
iter 5,CNT,Case7,56100,0.01
iter 6,CNT,Case7,56100,0.01
iter 7,CNT,Case7,56100,0.01
iter 8,CNT,Case7,56100,0.01
iter 1,CNT,Case8,561,0.03
iter 2,CNT,Case8,561,0.03
iter 3,CNT,Case8,561,0.03
iter 4,CNT,Case8,561,0.03
iter 5,CNT,Case8,561,0.03
iter 6,CNT,Case8,561,0.03
iter 7,CNT,Case8,561,0.03
iter 8,CNT,Case8,561,0.03
iter 1,CNT,Case9,5610,0.03
iter 2,CNT,Case9,5610,0.03
iter 3,CNT,Case9,5610,0.03
iter 4,CNT,Case9,5610,0.03
iter 5,CNT,Case9,5610,0.03
iter 6,CNT,Case9,5610,0.03
iter 7,CNT,Case9,5610,0.03
iter 8,CNT,Case9,5610,0.03
iter 1,CNT,Case10,11220,0.03
iter 2,CNT,Case10,11220,0.03
iter 3,CNT,Case10,11220,0.03
iter 4,CNT,Case10,11220,0.03
iter 5,CNT,Case10,11220,0.03
iter 6,CNT,Case10,11220,0.03
iter 7,CNT,Case10,11220,0.03
iter 8,CNT,Case10,11220,0.03
iter 1,CNT,Case11,22440,0.03
iter 2,CNT,Case11,22440,0.03
iter 3,CNT,Case11,22440,0.03
iter 4,CNT,Case11,22440,0.03
iter 5,CNT,Case11,22440,0.03
iter 6,CNT,Case11,22440,0.03
iter 7,CNT,Case11,22440,0.03
iter 8,CNT,Case11,22440,0.03
iter 1,CNT,Case12,28050,0.03
iter 2,CNT,Case12,28050,0.03
iter 3,CNT,Case12,28050,0.03
iter 4,CNT,Case12,28050,0.03
iter 5,CNT,Case12,28050,0.03
iter 6,CNT,Case12,28050,0.03
iter 7,CNT,Case12,28050,0.03
iter 8,CNT,Case12,28050,0.03
iter 1,CNT,Case13,33660,0.03
iter 2,CNT,Case13,33660,0.03
iter 3,CNT,Case13,33660,0.03
iter 4,CNT,Case13,33660,0.03
iter 5,CNT,Case13,33660,0.03
iter 6,CNT,Case13,33660,0.03
iter 7,CNT,Case13,33660,0.03
iter 8,CNT,Case13,33660,0.03
iter 1,CNT,Case14,44880,0.03
iter 2,CNT,Case14,44880,0.03
iter 3,CNT,Case14,44880,0.03
iter 4,CNT,Case14,44880,0.03
iter 5,CNT,Case14,44880,0.03
iter 6,CNT,Case14,44880,0.03
iter 7,CNT,Case14,44880,0.03
iter 8,CNT,Case14,44880,0.03
iter 1,CNT,Case15,56100,0.03
iter 2,CNT,Case15,56100,0.03
iter 3,CNT,Case15,56100,0.03
iter 4,CNT,Case15,56100,0.03
iter 5,CNT,Case15,56100,0.03
iter 6,CNT,Case15,56100,0.03
iter 7,CNT,Case15,56100,0.03
iter 8,CNT,Case15,56100,0.03
iter 1,CNT,Case16,561,0.05
iter 2,CNT,Case16,561,0.05
iter 3,CNT,Case16,561,0.05
iter 4,CNT,Case16,561,0.05
iter 5,CNT,Case16,561,0.05
iter 6,CNT,Case16,561,0.05
iter 7,CNT,Case16,561,0.05
iter 8,CNT,Case16,561,0.05
iter 1,CNT,Case17,5610,0.05
iter 2,CNT,Case17,5610,0.05
iter 3,CNT,Case17,5610,0.05
iter 4,CNT,Case17,5610,0.05
iter 5,CNT,Case17,5610,0.05
iter 6,CNT,Case17,5610,0.05
iter 7,CNT,Case17,5610,0.05
iter 8,CNT,Case17,5610,0.05
iter 1,CNT,Case18,11220,0.05
iter 2,CNT,Case18,11220,0.05
iter 3,CNT,Case18,11220,0.05
iter 4,CNT,Case18,11220,0.05
iter 5,CNT,Case18,11220,0.05
iter 6,CNT,Case18,11220,0.05
iter 7,CNT,Case18,11220,0.05
iter 8,CNT,Case18,11220,0.05
iter 1,CNT,Case19,22440,0.05
iter 2,CNT,Case19,22440,0.05
iter 3,CNT,Case19,22440,0.05
iter 4,CNT,Case19,22440,0.05
iter 5,CNT,Case19,22440,0.05
iter 6,CNT,Case19,22440,0.05
iter 7,CNT,Case19,22440,0.05
iter 8,CNT,Case19,22440,0.05
iter 1,CNT,Case20,28050,0.05
iter 2,CNT,Case20,28050,0.05
iter 3,CNT,Case20,28050,0.05
iter 4,CNT,Case20,28050,0.05
iter 5,CNT,Case20,28050,0.05
iter 6,CNT,Case20,28050,0.05
iter 7,CNT,Case20,28050,0.05
iter 8,CNT,Case20,28050,0.05
iter 1,CNT,Case21,33660,0.05
iter 2,CNT,Case21,33660,0.05
iter 3,CNT,Case21,33660,0.05
iter 4,CNT,Case21,33660,0.05
iter 5,CNT,Case21,33660,0.05
iter 6,CNT,Case21,33660,0.05
iter 7,CNT,Case21,33660,0.05
iter 8,CNT,Case21,33660,0.05
iter 1,CNT,Case22,44880,0.05
iter 2,CNT,Case22,44880,0.05
iter 3,CNT,Case22,44880,0.05
iter 4,CNT,Case22,44880,0.05
iter 5,CNT,Case22,44880,0.05
iter 6,CNT,Case22,44880,0.05
iter 7,CNT,Case22,44880,0.05
iter 8,CNT,Case22,44880,0.05
iter 1,CNT,Case23,56100,0.05
iter 2,CNT,Case23,56100,0.05
iter 3,CNT,Case23,56100,0.05
iter 4,CNT,Case23,56100,0.05
iter 5,CNT,Case23,56100,0.05
iter 6,CNT,Case23,56100,0.05
iter 7,CNT,Case23,56100,0.05
iter 8,CNT,Case23,56100,0.05
iter 1,CNT,Case24,561,0.1
iter 2,CNT,Case24,561,0.1
iter 3,CNT,Case24,561,0.1
iter 4,CNT,Case24,561,0.1
iter 5,CNT,Case24,561,0.1
iter 6,CNT,Case24,561,0.1
iter 7,CNT,Case24,561,0.1
iter 8,CNT,Case24,561,0.1
iter 1,CNT,Case25,5610,0.1
iter 2,CNT,Case25,5610,0.1
iter 3,CNT,Case25,5610,0.1
iter 4,CNT,Case25,5610,0.1
iter 5,CNT,Case25,5610,0.1
iter 6,CNT,Case25,5610,0.1
iter 7,CNT,Case25,5610,0.1
iter 8,CNT,Case25,5610,0.1
iter 1,CNT,Case26,11220,0.1
iter 2,CNT,Case26,11220,0.1
iter 3,CNT,Case26,11220,0.1
iter 4,CNT,Case26,11220,0.1
iter 5,CNT,Case26,11220,0.1
iter 6,CNT,Case26,11220,0.1
iter 7,CNT,Case26,11220,0.1
iter 8,CNT,Case26,11220,0.1
iter 1,CNT,Case27,22440,0.1
iter 2,CNT,Case27,22440,0.1
iter 3,CNT,Case27,22440,0.1
iter 4,CNT,Case27,22440,0.1
iter 5,CNT,Case27,22440,0.1
iter 6,CNT,Case27,22440,0.1
iter 7,CNT,Case27,22440,0.1
iter 8,CNT,Case27,22440,0.1
iter 1,CNT,Case28,28050,0.1
iter 2,CNT,Case28,28050,0.1
iter 3,CNT,Case28,28050,0.1
iter 4,CNT,Case28,28050,0.1
iter 5,CNT,Case28,28050,0.1
iter 6,CNT,Case28,28050,0.1
iter 7,CNT,Case28,28050,0.1
iter 8,CNT,Case28,28050,0.1
iter 1,CNT,Case29,33660,0.1
iter 2,CNT,Case29,33660,0.1
iter 3,CNT,Case29,33660,0.1
iter 4,CNT,Case29,33660,0.1
iter 5,CNT,Case29,33660,0.1
iter 6,CNT,Case29,33660,0.1
iter 7,CNT,Case29,33660,0.1
iter 8,CNT,Case29,33660,0.1
iter 1,CNT,Case30,44880,0.1
iter 2,CNT,Case30,44880,0.1
iter 3,CNT,Case30,44880,0.1
iter 4,CNT,Case30,44880,0.1
iter 5,CNT,Case30,44880,0.1
iter 6,CNT,Case30,44880,0.1
iter 7,CNT,Case30,44880,0.1
iter 8,CNT,Case30,44880,0.1
iter 1,CNT,Case31,56100,0.1
iter 2,CNT,Case31,56100,0.1
iter 3,CNT,Case31,56100,0.1
iter 4,CNT,Case31,56100,0.1
iter 5,CNT,Case31,56100,0.1
iter 6,CNT,Case31,56100,0.1
iter 7,CNT,Case31,56100,0.1
iter 8,CNT,Case31,56100,0.1
iter 1,CNT,Case32,561,0.15
iter 2,CNT,Case32,561,0.15
iter 3,CNT,Case32,561,0.15
iter 4,CNT,Case32,561,0.15
iter 5,CNT,Case32,561,0.15
iter 6,CNT,Case32,561,0.15
iter 7,CNT,Case32,561,0.15
iter 8,CNT,Case32,561,0.15
iter 1,CNT,Case33,5610,0.15
iter 2,CNT,Case33,5610,0.15
iter 3,CNT,Case33,5610,0.15
iter 4,CNT,Case33,5610,0.15
iter 5,CNT,Case33,5610,0.15
iter 6,CNT,Case33,5610,0.15
iter 7,CNT,Case33,5610,0.15
iter 8,CNT,Case33,5610,0.15
iter 1,CNT,Case34,11220,0.15
iter 2,CNT,Case34,11220,0.15
iter 3,CNT,Case34,11220,0.15
iter 4,CNT,Case34,11220,0.15
iter 5,CNT,Case34,11220,0.15
iter 6,CNT,Case34,11220,0.15
iter 7,CNT,Case34,11220,0.15
iter 8,CNT,Case34,11220,0.15
iter 1,CNT,Case35,22440,0.15
iter 2,CNT,Case35,22440,0.15
iter 3,CNT,Case35,22440,0.15
iter 4,CNT,Case35,22440,0.15
iter 5,CNT,Case35,22440,0.15
iter 6,CNT,Case35,22440,0.15
iter 7,CNT,Case35,22440,0.15
iter 8,CNT,Case35,22440,0.15
iter 1,CNT,Case36,28050,0.15
iter 2,CNT,Case36,28050,0.15
iter 3,CNT,Case36,28050,0.15
iter 4,CNT,Case36,28050,0.15
iter 5,CNT,Case36,28050,0.15
iter 6,CNT,Case36,28050,0.15
iter 7,CNT,Case36,28050,0.15
iter 8,CNT,Case36,28050,0.15
iter 1,CNT,Case37,33660,0.15
iter 2,CNT,Case37,33660,0.15
iter 3,CNT,Case37,33660,0.15
iter 4,CNT,Case37,33660,0.15
iter 5,CNT,Case37,33660,0.15
iter 6,CNT,Case37,33660,0.15
iter 7,CNT,Case37,33660,0.15
iter 8,CNT,Case37,33660,0.15
iter 1,CNT,Case38,44880,0.15
iter 2,CNT,Case38,44880,0.15
iter 3,CNT,Case38,44880,0.15
iter 4,CNT,Case38,44880,0.15
iter 5,CNT,Case38,44880,0.15
iter 6,CNT,Case38,44880,0.15
iter 7,CNT,Case38,44880,0.15
iter 8,CNT,Case38,44880,0.15
iter 1,CNT,Case39,56100,0.15
iter 2,CNT,Case39,56100,0.15
iter 3,CNT,Case39,56100,0.15
iter 4,CNT,Case39,56100,0.15
iter 5,CNT,Case39,56100,0.15
iter 6,CNT,Case39,56100,0.15
iter 7,CNT,Case39,56100,0.15
iter 8,CNT,Case39,56100,0.15
iter 1,CNT,Case40,561,0.2
iter 2,CNT,Case40,561,0.2
iter 3,CNT,Case40,561,0.2
iter 4,CNT,Case40,561,0.2
iter 5,CNT,Case40,561,0.2
iter 6,CNT,Case40,561,0.2
iter 7,CNT,Case40,561,0.2
iter 8,CNT,Case40,561,0.2
iter 1,CNT,Case41,5610,0.2
iter 2,CNT,Case41,5610,0.2
iter 3,CNT,Case41,5610,0.2
iter 4,CNT,Case41,5610,0.2
iter 5,CNT,Case41,5610,0.2
iter 6,CNT,Case41,5610,0.2
iter 7,CNT,Case41,5610,0.2
iter 8,CNT,Case41,5610,0.2
iter 1,CNT,Case42,11220,0.2
iter 2,CNT,Case42,11220,0.2
iter 3,CNT,Case42,11220,0.2
iter 4,CNT,Case42,11220,0.2
iter 5,CNT,Case42,11220,0.2
iter 6,CNT,Case42,11220,0.2
iter 7,CNT,Case42,11220,0.2
iter 8,CNT,Case42,11220,0.2
iter 1,CNT,Case43,22440,0.2
iter 2,CNT,Case43,22440,0.2
iter 3,CNT,Case43,22440,0.2
iter 4,CNT,Case43,22440,0.2
iter 5,CNT,Case43,22440,0.2
iter 6,CNT,Case43,22440,0.2
iter 7,CNT,Case43,22440,0.2
iter 8,CNT,Case43,22440,0.2
iter 1,CNT,Case44,28050,0.2
iter 2,CNT,Case44,28050,0.2
iter 3,CNT,Case44,28050,0.2
iter 4,CNT,Case44,28050,0.2
iter 5,CNT,Case44,28050,0.2
iter 6,CNT,Case44,28050,0.2
iter 7,CNT,Case44,28050,0.2
iter 8,CNT,Case44,28050,0.2
iter 1,CNT,Case45,33660,0.2
iter 2,CNT,Case45,33660,0.2
iter 3,CNT,Case45,33660,0.2
iter 4,CNT,Case45,33660,0.2
iter 5,CNT,Case45,33660,0.2
iter 6,CNT,Case45,33660,0.2
iter 7,CNT,Case45,33660,0.2
iter 8,CNT,Case45,33660,0.2
iter 1,CNT,Case46,44880,0.2
iter 2,CNT,Case46,44880,0.2
iter 3,CNT,Case46,44880,0.2
iter 4,CNT,Case46,44880,0.2
iter 5,CNT,Case46,44880,0.2
iter 6,CNT,Case46,44880,0.2
iter 7,CNT,Case46,44880,0.2
iter 8,CNT,Case46,44880,0.2
iter 1,CNT,Case47,56100,0.2
iter 2,CNT,Case47,56100,0.2
iter 3,CNT,Case47,56100,0.2
iter 4,CNT,Case47,56100,0.2
iter 5,CNT,Case47,56100,0.2
iter 6,CNT,Case47,56100,0.2
iter 7,CNT,Case47,56100,0.2
iter 8,CNT,Case47,56100,0.2
iter 1,CNT,Case48,561,1
iter 2,CNT,Case48,561,1
iter 3,CNT,Case48,561,1
iter 4,CNT,Case48,561,1
iter 5,CNT,Case48,561,1
iter 6,CNT,Case48,561,1
iter 7,CNT,Case48,561,1
iter 8,CNT,Case48,561,1
iter 1,CNT,Case49,5610,1
iter 2,CNT,Case49,5610,1
iter 3,CNT,Case49,5610,1
iter 4,CNT,Case49,5610,1
iter 5,CNT,Case49,5610,1
iter 6,CNT,Case49,5610,1
iter 7,CNT,Case49,5610,1
iter 8,CNT,Case49,5610,1
iter 1,CNT,Case50,11220,1
iter 2,CNT,Case50,11220,1
iter 3,CNT,Case50,11220,1
iter 4,CNT,Case50,11220,1
iter 5,CNT,Case50,11220,1
iter 6,CNT,Case50,11220,1
iter 7,CNT,Case50,11220,1
iter 8,CNT,Case50,11220,1
iter 1,CNT,Case51,22440,1
iter 2,CNT,Case51,22440,1
iter 3,CNT,Case51,22440,1
iter 4,CNT,Case51,22440,1
iter 5,CNT,Case51,22440,1
iter 6,CNT,Case51,22440,1
iter 7,CNT,Case51,22440,1
iter 8,CNT,Case51,22440,1
iter 1,CNT,Case52,28050,1
iter 2,CNT,Case52,28050,1
iter 3,CNT,Case52,28050,1
iter 4,CNT,Case52,28050,1
iter 5,CNT,Case52,28050,1
iter 6,CNT,Case52,28050,1
iter 7,CNT,Case52,28050,1
iter 8,CNT,Case52,28050,1
iter 1,CNT,Case53,33660,1
iter 2,CNT,Case53,33660,1
iter 3,CNT,Case53,33660,1
iter 4,CNT,Case53,33660,1
iter 5,CNT,Case53,33660,1
iter 6,CNT,Case53,33660,1
iter 7,CNT,Case53,33660,1
iter 8,CNT,Case53,33660,1
iter 1,CNT,Case54,44880,1
iter 2,CNT,Case54,44880,1
iter 3,CNT,Case54,44880,1
iter 4,CNT,Case54,44880,1
iter 5,CNT,Case54,44880,1
iter 6,CNT,Case54,44880,1
iter 7,CNT,Case54,44880,1
iter 8,CNT,Case54,44880,1
iter 1,CNT,Case55,56100,1
iter 2,CNT,Case55,56100,1
iter 3,CNT,Case55,56100,1
iter 4,CNT,Case55,56100,1
iter 5,CNT,Case55,56100,1
iter 6,CNT,Case55,56100,1
iter 7,CNT,Case55,56100,1
iter 8,CNT,Case55,56100,1
iter 1,CNT,Case56,561,15
iter 2,CNT,Case56,561,15
iter 3,CNT,Case56,561,15
iter 4,CNT,Case56,561,15
iter 5,CNT,Case56,561,15
iter 6,CNT,Case56,561,15
iter 7,CNT,Case56,561,15
iter 8,CNT,Case56,561,15
iter 1,CNT,Case57,5610,15
iter 2,CNT,Case57,5610,15
iter 3,CNT,Case57,5610,15
iter 4,CNT,Case57,5610,15
iter 5,CNT,Case57,5610,15
iter 6,CNT,Case57,5610,15
iter 7,CNT,Case57,5610,15
iter 8,CNT,Case57,5610,15
iter 1,CNT,Case58,11220,15
iter 2,CNT,Case58,11220,15
iter 3,CNT,Case58,11220,15
iter 4,CNT,Case58,11220,15
iter 5,CNT,Case58,11220,15
iter 6,CNT,Case58,11220,15
iter 7,CNT,Case58,11220,15
iter 8,CNT,Case58,11220,15
iter 1,CNT,Case59,22440,15
iter 2,CNT,Case59,22440,15
iter 3,CNT,Case59,22440,15
iter 4,CNT,Case59,22440,15
iter 5,CNT,Case59,22440,15
iter 6,CNT,Case59,22440,15
iter 7,CNT,Case59,22440,15
iter 8,CNT,Case59,22440,15
iter 1,CNT,Case60,28050,15
iter 2,CNT,Case60,28050,15
iter 3,CNT,Case60,28050,15
iter 4,CNT,Case60,28050,15
iter 5,CNT,Case60,28050,15
iter 6,CNT,Case60,28050,15
iter 7,CNT,Case60,28050,15
iter 8,CNT,Case60,28050,15
iter 1,CNT,Case61,33660,15
iter 2,CNT,Case61,33660,15
iter 3,CNT,Case61,33660,15
iter 4,CNT,Case61,33660,15
iter 5,CNT,Case61,33660,15
iter 6,CNT,Case61,33660,15
iter 7,CNT,Case61,33660,15
iter 8,CNT,Case61,33660,15
iter 1,CNT,Case62,44880,15
iter 2,CNT,Case62,44880,15
iter 3,CNT,Case62,44880,15
iter 4,CNT,Case62,44880,15
iter 5,CNT,Case62,44880,15
iter 6,CNT,Case62,44880,15
iter 7,CNT,Case62,44880,15
iter 8,CNT,Case62,44880,15
iter 1,CNT,Case63,56100,15
iter 2,CNT,Case63,56100,15
iter 3,CNT,Case63,56100,15
iter 4,CNT,Case63,56100,15
iter 5,CNT,Case63,56100,15
iter 6,CNT,Case63,56100,15
iter 7,CNT,Case63,56100,15
iter 8,CNT,Case63,56100,15
iter 1,CNT,Case64,561,20
iter 2,CNT,Case64,561,20
iter 3,CNT,Case64,561,20
iter 4,CNT,Case64,561,20
iter 5,CNT,Case64,561,20
iter 6,CNT,Case64,561,20
iter 7,CNT,Case64,561,20
iter 8,CNT,Case64,561,20
iter 1,CNT,Case65,5610,20
iter 2,CNT,Case65,5610,20
iter 3,CNT,Case65,5610,20
iter 4,CNT,Case65,5610,20
iter 5,CNT,Case65,5610,20
iter 6,CNT,Case65,5610,20
iter 7,CNT,Case65,5610,20
iter 8,CNT,Case65,5610,20
iter 1,CNT,Case66,11220,20
iter 2,CNT,Case66,11220,20
iter 3,CNT,Case66,11220,20
iter 4,CNT,Case66,11220,20
iter 5,CNT,Case66,11220,20
iter 6,CNT,Case66,11220,20
iter 7,CNT,Case66,11220,20
iter 8,CNT,Case66,11220,20
iter 1,CNT,Case67,22440,20
iter 2,CNT,Case67,22440,20
iter 3,CNT,Case67,22440,20
iter 4,CNT,Case67,22440,20
iter 5,CNT,Case67,22440,20
iter 6,CNT,Case67,22440,20
iter 7,CNT,Case67,22440,20
iter 8,CNT,Case67,22440,20
iter 1,CNT,Case68,28050,20
iter 2,CNT,Case68,28050,20
iter 3,CNT,Case68,28050,20
iter 4,CNT,Case68,28050,20
iter 5,CNT,Case68,28050,20
iter 6,CNT,Case68,28050,20
iter 7,CNT,Case68,28050,20
iter 8,CNT,Case68,28050,20
iter 1,CNT,Case69,33660,20
iter 2,CNT,Case69,33660,20
iter 3,CNT,Case69,33660,20
iter 4,CNT,Case69,33660,20
iter 5,CNT,Case69,33660,20
iter 6,CNT,Case69,33660,20
iter 7,CNT,Case69,33660,20
iter 8,CNT,Case69,33660,20
iter 1,CNT,Case70,44880,20
iter 2,CNT,Case70,44880,20
iter 3,CNT,Case70,44880,20
iter 4,CNT,Case70,44880,20
iter 5,CNT,Case70,44880,20
iter 6,CNT,Case70,44880,20
iter 7,CNT,Case70,44880,20
iter 8,CNT,Case70,44880,20
iter 1,CNT,Case71,56100,20
iter 2,CNT,Case71,56100,20
iter 3,CNT,Case71,56100,20
iter 4,CNT,Case71,56100,20
iter 5,CNT,Case71,56100,20
iter 6,CNT,Case71,56100,20
iter 7,CNT,Case71,56100,20
iter 8,CNT,Case71,56100,20
iter 1,CNT,Case72,561,30
iter 2,CNT,Case72,561,30
iter 3,CNT,Case72,561,30
iter 4,CNT,Case72,561,30
iter 5,CNT,Case72,561,30
iter 6,CNT,Case72,561,30
iter 7,CNT,Case72,561,30
iter 8,CNT,Case72,561,30
iter 1,CNT,Case73,5610,30
iter 2,CNT,Case73,5610,30
iter 3,CNT,Case73,5610,30
iter 4,CNT,Case73,5610,30
iter 5,CNT,Case73,5610,30
iter 6,CNT,Case73,5610,30
iter 7,CNT,Case73,5610,30
iter 8,CNT,Case73,5610,30
iter 1,CNT,Case74,11220,30
iter 2,CNT,Case74,11220,30
iter 3,CNT,Case74,11220,30
iter 4,CNT,Case74,11220,30
iter 5,CNT,Case74,11220,30
iter 6,CNT,Case74,11220,30
iter 7,CNT,Case74,11220,30
iter 8,CNT,Case74,11220,30
iter 1,CNT,Case75,22440,30
iter 2,CNT,Case75,22440,30
iter 3,CNT,Case75,22440,30
iter 4,CNT,Case75,22440,30
iter 5,CNT,Case75,22440,30
iter 6,CNT,Case75,22440,30
iter 7,CNT,Case75,22440,30
iter 8,CNT,Case75,22440,30
iter 1,CNT,Case76,28050,30
iter 2,CNT,Case76,28050,30
iter 3,CNT,Case76,28050,30
iter 4,CNT,Case76,28050,30
iter 5,CNT,Case76,28050,30
iter 6,CNT,Case76,28050,30
iter 7,CNT,Case76,28050,30
iter 8,CNT,Case76,28050,30
iter 1,CNT,Case77,33660,30
iter 2,CNT,Case77,33660,30
iter 3,CNT,Case77,33660,30
iter 4,CNT,Case77,33660,30
iter 5,CNT,Case77,33660,30
iter 6,CNT,Case77,33660,30
iter 7,CNT,Case77,33660,30
iter 8,CNT,Case77,33660,30
iter 1,CNT,Case78,44880,30
iter 2,CNT,Case78,44880,30
iter 3,CNT,Case78,44880,30
iter 4,CNT,Case78,44880,30
iter 5,CNT,Case78,44880,30
iter 6,CNT,Case78,44880,30
iter 7,CNT,Case78,44880,30
iter 8,CNT,Case78,44880,30
iter 1,CNT,Case79,56100,30
iter 2,CNT,Case79,56100,30
iter 3,CNT,Case79,56100,30
iter 4,CNT,Case79,56100,30
iter 5,CNT,Case79,56100,30
iter 6,CNT,Case79,56100,30
iter 7,CNT,Case79,56100,30
iter 8,CNT,Case79,56100,30
iter 1,BR,Case0,561,0.01
iter 2,BR,Case0,561,0.01
iter 3,BR,Case0,561,0.01
iter 4,BR,Case0,561,0.01
iter 5,BR,Case0,561,0.01
iter 6,BR,Case0,561,0.01
iter 7,BR,Case0,561,0.01
iter 8,BR,Case0,561,0.01
iter 1,BR,Case1,5610,0.01
iter 2,BR,Case1,5610,0.01
iter 3,BR,Case1,5610,0.01
iter 4,BR,Case1,5610,0.01
iter 5,BR,Case1,5610,0.01
iter 6,BR,Case1,5610,0.01
iter 7,BR,Case1,5610,0.01
iter 8,BR,Case1,5610,0.01
iter 1,BR,Case2,11220,0.01
iter 2,BR,Case2,11220,0.01
iter 3,BR,Case2,11220,0.01
iter 4,BR,Case2,11220,0.01
iter 5,BR,Case2,11220,0.01
iter 6,BR,Case2,11220,0.01
iter 7,BR,Case2,11220,0.01
iter 8,BR,Case2,11220,0.01
iter 1,BR,Case3,22440,0.01
iter 2,BR,Case3,22440,0.01
iter 3,BR,Case3,22440,0.01
iter 4,BR,Case3,22440,0.01
iter 5,BR,Case3,22440,0.01
iter 6,BR,Case3,22440,0.01
iter 7,BR,Case3,22440,0.01
iter 8,BR,Case3,22440,0.01
iter 1,BR,Case4,28050,0.01
iter 2,BR,Case4,28050,0.01
iter 3,BR,Case4,28050,0.01
iter 4,BR,Case4,28050,0.01
iter 5,BR,Case4,28050,0.01
iter 6,BR,Case4,28050,0.01
iter 7,BR,Case4,28050,0.01
iter 8,BR,Case4,28050,0.01
iter 1,BR,Case5,33660,0.01
iter 2,BR,Case5,33660,0.01
iter 3,BR,Case5,33660,0.01
iter 4,BR,Case5,33660,0.01
iter 5,BR,Case5,33660,0.01
iter 6,BR,Case5,33660,0.01
iter 7,BR,Case5,33660,0.01
iter 8,BR,Case5,33660,0.01
iter 1,BR,Case6,44880,0.01
iter 2,BR,Case6,44880,0.01
iter 3,BR,Case6,44880,0.01
iter 4,BR,Case6,44880,0.01
iter 5,BR,Case6,44880,0.01
iter 6,BR,Case6,44880,0.01
iter 7,BR,Case6,44880,0.01
iter 8,BR,Case6,44880,0.01
iter 1,BR,Case7,56100,0.01
iter 2,BR,Case7,56100,0.01
iter 3,BR,Case7,56100,0.01
iter 4,BR,Case7,56100,0.01
iter 5,BR,Case7,56100,0.01
iter 6,BR,Case7,56100,0.01
iter 7,BR,Case7,56100,0.01
iter 8,BR,Case7,56100,0.01
iter 1,BR,Case8,561,0.03
iter 2,BR,Case8,561,0.03
iter 3,BR,Case8,561,0.03
iter 4,BR,Case8,561,0.03
iter 5,BR,Case8,561,0.03
iter 6,BR,Case8,561,0.03
iter 7,BR,Case8,561,0.03
iter 8,BR,Case8,561,0.03
iter 1,BR,Case9,5610,0.03
iter 2,BR,Case9,5610,0.03
iter 3,BR,Case9,5610,0.03
iter 4,BR,Case9,5610,0.03
iter 5,BR,Case9,5610,0.03
iter 6,BR,Case9,5610,0.03
iter 7,BR,Case9,5610,0.03
iter 8,BR,Case9,5610,0.03
iter 1,BR,Case10,11220,0.03
iter 2,BR,Case10,11220,0.03
iter 3,BR,Case10,11220,0.03
iter 4,BR,Case10,11220,0.03
iter 5,BR,Case10,11220,0.03
iter 6,BR,Case10,11220,0.03
iter 7,BR,Case10,11220,0.03
iter 8,BR,Case10,11220,0.03
iter 1,BR,Case11,22440,0.03
iter 2,BR,Case11,22440,0.03
iter 3,BR,Case11,22440,0.03
iter 4,BR,Case11,22440,0.03
iter 5,BR,Case11,22440,0.03
iter 6,BR,Case11,22440,0.03
iter 7,BR,Case11,22440,0.03
iter 8,BR,Case11,22440,0.03
iter 1,BR,Case12,28050,0.03
iter 2,BR,Case12,28050,0.03
iter 3,BR,Case12,28050,0.03
iter 4,BR,Case12,28050,0.03
iter 5,BR,Case12,28050,0.03
iter 6,BR,Case12,28050,0.03
iter 7,BR,Case12,28050,0.03
iter 8,BR,Case12,28050,0.03
iter 1,BR,Case13,33660,0.03
iter 2,BR,Case13,33660,0.03
iter 3,BR,Case13,33660,0.03
iter 4,BR,Case13,33660,0.03
iter 5,BR,Case13,33660,0.03
iter 6,BR,Case13,33660,0.03
iter 7,BR,Case13,33660,0.03
iter 8,BR,Case13,33660,0.03
iter 1,BR,Case14,44880,0.03
iter 2,BR,Case14,44880,0.03
iter 3,BR,Case14,44880,0.03
iter 4,BR,Case14,44880,0.03
iter 5,BR,Case14,44880,0.03
iter 6,BR,Case14,44880,0.03
iter 7,BR,Case14,44880,0.03
iter 8,BR,Case14,44880,0.03
iter 1,BR,Case15,56100,0.03
iter 2,BR,Case15,56100,0.03
iter 3,BR,Case15,56100,0.03
iter 4,BR,Case15,56100,0.03
iter 5,BR,Case15,56100,0.03
iter 6,BR,Case15,56100,0.03
iter 7,BR,Case15,56100,0.03
iter 8,BR,Case15,56100,0.03
iter 1,BR,Case16,561,0.05
iter 2,BR,Case16,561,0.05
iter 3,BR,Case16,561,0.05
iter 4,BR,Case16,561,0.05
iter 5,BR,Case16,561,0.05
iter 6,BR,Case16,561,0.05
iter 7,BR,Case16,561,0.05
iter 8,BR,Case16,561,0.05
iter 1,BR,Case17,5610,0.05
iter 2,BR,Case17,5610,0.05
iter 3,BR,Case17,5610,0.05
iter 4,BR,Case17,5610,0.05
iter 5,BR,Case17,5610,0.05
iter 6,BR,Case17,5610,0.05
iter 7,BR,Case17,5610,0.05
iter 8,BR,Case17,5610,0.05
iter 1,BR,Case18,11220,0.05
iter 2,BR,Case18,11220,0.05
iter 3,BR,Case18,11220,0.05
iter 4,BR,Case18,11220,0.05
iter 5,BR,Case18,11220,0.05
iter 6,BR,Case18,11220,0.05
iter 7,BR,Case18,11220,0.05
iter 8,BR,Case18,11220,0.05
iter 1,BR,Case19,22440,0.05
iter 2,BR,Case19,22440,0.05
iter 3,BR,Case19,22440,0.05
iter 4,BR,Case19,22440,0.05
iter 5,BR,Case19,22440,0.05
iter 6,BR,Case19,22440,0.05
iter 7,BR,Case19,22440,0.05
iter 8,BR,Case19,22440,0.05
iter 1,BR,Case20,28050,0.05
iter 2,BR,Case20,28050,0.05
iter 3,BR,Case20,28050,0.05
iter 4,BR,Case20,28050,0.05
iter 5,BR,Case20,28050,0.05
iter 6,BR,Case20,28050,0.05
iter 7,BR,Case20,28050,0.05
iter 8,BR,Case20,28050,0.05
iter 1,BR,Case21,33660,0.05
iter 2,BR,Case21,33660,0.05
iter 3,BR,Case21,33660,0.05
iter 4,BR,Case21,33660,0.05
iter 5,BR,Case21,33660,0.05
iter 6,BR,Case21,33660,0.05
iter 7,BR,Case21,33660,0.05
iter 8,BR,Case21,33660,0.05
iter 1,BR,Case22,44880,0.05
iter 2,BR,Case22,44880,0.05
iter 3,BR,Case22,44880,0.05
iter 4,BR,Case22,44880,0.05
iter 5,BR,Case22,44880,0.05
iter 6,BR,Case22,44880,0.05
iter 7,BR,Case22,44880,0.05
iter 8,BR,Case22,44880,0.05
iter 1,BR,Case23,56100,0.05
iter 2,BR,Case23,56100,0.05
iter 3,BR,Case23,56100,0.05
iter 4,BR,Case23,56100,0.05
iter 5,BR,Case23,56100,0.05
iter 6,BR,Case23,56100,0.05
iter 7,BR,Case23,56100,0.05
iter 8,BR,Case23,56100,0.05
iter 1,BR,Case24,561,0.1
iter 2,BR,Case24,561,0.1
iter 3,BR,Case24,561,0.1
iter 4,BR,Case24,561,0.1
iter 5,BR,Case24,561,0.1
iter 6,BR,Case24,561,0.1
iter 7,BR,Case24,561,0.1
iter 8,BR,Case24,561,0.1
iter 1,BR,Case25,5610,0.1
iter 2,BR,Case25,5610,0.1
iter 3,BR,Case25,5610,0.1
iter 4,BR,Case25,5610,0.1
iter 5,BR,Case25,5610,0.1
iter 6,BR,Case25,5610,0.1
iter 7,BR,Case25,5610,0.1
iter 8,BR,Case25,5610,0.1
iter 1,BR,Case26,11220,0.1
iter 2,BR,Case26,11220,0.1
iter 3,BR,Case26,11220,0.1
iter 4,BR,Case26,11220,0.1
iter 5,BR,Case26,11220,0.1
iter 6,BR,Case26,11220,0.1
iter 7,BR,Case26,11220,0.1
iter 8,BR,Case26,11220,0.1
iter 1,BR,Case27,22440,0.1
iter 2,BR,Case27,22440,0.1
iter 3,BR,Case27,22440,0.1
iter 4,BR,Case27,22440,0.1
iter 5,BR,Case27,22440,0.1
iter 6,BR,Case27,22440,0.1
iter 7,BR,Case27,22440,0.1
iter 8,BR,Case27,22440,0.1
iter 1,BR,Case28,28050,0.1
iter 2,BR,Case28,28050,0.1
iter 3,BR,Case28,28050,0.1
iter 4,BR,Case28,28050,0.1
iter 5,BR,Case28,28050,0.1
iter 6,BR,Case28,28050,0.1
iter 7,BR,Case28,28050,0.1
iter 8,BR,Case28,28050,0.1
iter 1,BR,Case29,33660,0.1
iter 2,BR,Case29,33660,0.1
iter 3,BR,Case29,33660,0.1
iter 4,BR,Case29,33660,0.1
iter 5,BR,Case29,33660,0.1
iter 6,BR,Case29,33660,0.1
iter 7,BR,Case29,33660,0.1
iter 8,BR,Case29,33660,0.1
iter 1,BR,Case30,44880,0.1
iter 2,BR,Case30,44880,0.1
iter 3,BR,Case30,44880,0.1
iter 4,BR,Case30,44880,0.1
iter 5,BR,Case30,44880,0.1
iter 6,BR,Case30,44880,0.1
iter 7,BR,Case30,44880,0.1
iter 8,BR,Case30,44880,0.1
iter 1,BR,Case31,56100,0.1
iter 2,BR,Case31,56100,0.1
iter 3,BR,Case31,56100,0.1
iter 4,BR,Case31,56100,0.1
iter 5,BR,Case31,56100,0.1
iter 6,BR,Case31,56100,0.1
iter 7,BR,Case31,56100,0.1
iter 8,BR,Case31,56100,0.1
iter 1,BR,Case32,561,0.15
iter 2,BR,Case32,561,0.15
iter 3,BR,Case32,561,0.15
iter 4,BR,Case32,561,0.15
iter 5,BR,Case32,561,0.15
iter 6,BR,Case32,561,0.15
iter 7,BR,Case32,561,0.15
iter 8,BR,Case32,561,0.15
iter 1,BR,Case33,5610,0.15
iter 2,BR,Case33,5610,0.15
iter 3,BR,Case33,5610,0.15
iter 4,BR,Case33,5610,0.15
iter 5,BR,Case33,5610,0.15
iter 6,BR,Case33,5610,0.15
iter 7,BR,Case33,5610,0.15
iter 8,BR,Case33,5610,0.15
iter 1,BR,Case34,11220,0.15
iter 2,BR,Case34,11220,0.15
iter 3,BR,Case34,11220,0.15
iter 4,BR,Case34,11220,0.15
iter 5,BR,Case34,11220,0.15
iter 6,BR,Case34,11220,0.15
iter 7,BR,Case34,11220,0.15
iter 8,BR,Case34,11220,0.15
iter 1,BR,Case35,22440,0.15
iter 2,BR,Case35,22440,0.15
iter 3,BR,Case35,22440,0.15
iter 4,BR,Case35,22440,0.15
iter 5,BR,Case35,22440,0.15
iter 6,BR,Case35,22440,0.15
iter 7,BR,Case35,22440,0.15
iter 8,BR,Case35,22440,0.15
iter 1,BR,Case36,28050,0.15
iter 2,BR,Case36,28050,0.15
iter 3,BR,Case36,28050,0.15
iter 4,BR,Case36,28050,0.15
iter 5,BR,Case36,28050,0.15
iter 6,BR,Case36,28050,0.15
iter 7,BR,Case36,28050,0.15
iter 8,BR,Case36,28050,0.15
iter 1,BR,Case37,33660,0.15
iter 2,BR,Case37,33660,0.15
iter 3,BR,Case37,33660,0.15
iter 4,BR,Case37,33660,0.15
iter 5,BR,Case37,33660,0.15
iter 6,BR,Case37,33660,0.15
iter 7,BR,Case37,33660,0.15
iter 8,BR,Case37,33660,0.15
iter 1,BR,Case38,44880,0.15
iter 2,BR,Case38,44880,0.15
iter 3,BR,Case38,44880,0.15
iter 4,BR,Case38,44880,0.15
iter 5,BR,Case38,44880,0.15
iter 6,BR,Case38,44880,0.15
iter 7,BR,Case38,44880,0.15
iter 8,BR,Case38,44880,0.15
iter 1,BR,Case39,56100,0.15
iter 2,BR,Case39,56100,0.15
iter 3,BR,Case39,56100,0.15
iter 4,BR,Case39,56100,0.15
iter 5,BR,Case39,56100,0.15
iter 6,BR,Case39,56100,0.15
iter 7,BR,Case39,56100,0.15
iter 8,BR,Case39,56100,0.15
iter 1,BR,Case40,561,0.2
iter 2,BR,Case40,561,0.2
iter 3,BR,Case40,561,0.2
iter 4,BR,Case40,561,0.2
iter 5,BR,Case40,561,0.2
iter 6,BR,Case40,561,0.2
iter 7,BR,Case40,561,0.2
iter 8,BR,Case40,561,0.2
iter 1,BR,Case41,5610,0.2
iter 2,BR,Case41,5610,0.2
iter 3,BR,Case41,5610,0.2
iter 4,BR,Case41,5610,0.2
iter 5,BR,Case41,5610,0.2
iter 6,BR,Case41,5610,0.2
iter 7,BR,Case41,5610,0.2
iter 8,BR,Case41,5610,0.2
iter 1,BR,Case42,11220,0.2
iter 2,BR,Case42,11220,0.2
iter 3,BR,Case42,11220,0.2
iter 4,BR,Case42,11220,0.2
iter 5,BR,Case42,11220,0.2
iter 6,BR,Case42,11220,0.2
iter 7,BR,Case42,11220,0.2
iter 8,BR,Case42,11220,0.2
iter 1,BR,Case43,22440,0.2
iter 2,BR,Case43,22440,0.2
iter 3,BR,Case43,22440,0.2
iter 4,BR,Case43,22440,0.2
iter 5,BR,Case43,22440,0.2
iter 6,BR,Case43,22440,0.2
iter 7,BR,Case43,22440,0.2
iter 8,BR,Case43,22440,0.2
iter 1,BR,Case44,28050,0.2
iter 2,BR,Case44,28050,0.2
iter 3,BR,Case44,28050,0.2
iter 4,BR,Case44,28050,0.2
iter 5,BR,Case44,28050,0.2
iter 6,BR,Case44,28050,0.2
iter 7,BR,Case44,28050,0.2
iter 8,BR,Case44,28050,0.2
iter 1,BR,Case45,33660,0.2
iter 2,BR,Case45,33660,0.2
iter 3,BR,Case45,33660,0.2
iter 4,BR,Case45,33660,0.2
iter 5,BR,Case45,33660,0.2
iter 6,BR,Case45,33660,0.2
iter 7,BR,Case45,33660,0.2
iter 8,BR,Case45,33660,0.2
iter 1,BR,Case46,44880,0.2
iter 2,BR,Case46,44880,0.2
iter 3,BR,Case46,44880,0.2
iter 4,BR,Case46,44880,0.2
iter 5,BR,Case46,44880,0.2
iter 6,BR,Case46,44880,0.2
iter 7,BR,Case46,44880,0.2
iter 8,BR,Case46,44880,0.2
iter 1,BR,Case47,56100,0.2
iter 2,BR,Case47,56100,0.2
iter 3,BR,Case47,56100,0.2
iter 4,BR,Case47,56100,0.2
iter 5,BR,Case47,56100,0.2
iter 6,BR,Case47,56100,0.2
iter 7,BR,Case47,56100,0.2
iter 8,BR,Case47,56100,0.2
iter 1,BR,Case48,561,1
iter 2,BR,Case48,561,1
iter 3,BR,Case48,561,1
iter 4,BR,Case48,561,1
iter 5,BR,Case48,561,1
iter 6,BR,Case48,561,1
iter 7,BR,Case48,561,1
iter 8,BR,Case48,561,1
iter 1,BR,Case49,5610,1
iter 2,BR,Case49,5610,1
iter 3,BR,Case49,5610,1
iter 4,BR,Case49,5610,1
iter 5,BR,Case49,5610,1
iter 6,BR,Case49,5610,1
iter 7,BR,Case49,5610,1
iter 8,BR,Case49,5610,1
iter 1,BR,Case50,11220,1
iter 2,BR,Case50,11220,1
iter 3,BR,Case50,11220,1
iter 4,BR,Case50,11220,1
iter 5,BR,Case50,11220,1
iter 6,BR,Case50,11220,1
iter 7,BR,Case50,11220,1
iter 8,BR,Case50,11220,1
iter 1,BR,Case51,22440,1
iter 2,BR,Case51,22440,1
iter 3,BR,Case51,22440,1
iter 4,BR,Case51,22440,1
iter 5,BR,Case51,22440,1
iter 6,BR,Case51,22440,1
iter 7,BR,Case51,22440,1
iter 8,BR,Case51,22440,1
iter 1,BR,Case52,28050,1
iter 2,BR,Case52,28050,1
iter 3,BR,Case52,28050,1
iter 4,BR,Case52,28050,1
iter 5,BR,Case52,28050,1
iter 6,BR,Case52,28050,1
iter 7,BR,Case52,28050,1
iter 8,BR,Case52,28050,1
iter 1,BR,Case53,33660,1
iter 2,BR,Case53,33660,1
iter 3,BR,Case53,33660,1
iter 4,BR,Case53,33660,1
iter 5,BR,Case53,33660,1
iter 6,BR,Case53,33660,1
iter 7,BR,Case53,33660,1
iter 8,BR,Case53,33660,1
iter 1,BR,Case54,44880,1
iter 2,BR,Case54,44880,1
iter 3,BR,Case54,44880,1
iter 4,BR,Case54,44880,1
iter 5,BR,Case54,44880,1
iter 6,BR,Case54,44880,1
iter 7,BR,Case54,44880,1
iter 8,BR,Case54,44880,1
iter 1,BR,Case55,56100,1
iter 2,BR,Case55,56100,1
iter 3,BR,Case55,56100,1
iter 4,BR,Case55,56100,1
iter 5,BR,Case55,56100,1
iter 6,BR,Case55,56100,1
iter 7,BR,Case55,56100,1
iter 8,BR,Case55,56100,1
iter 1,BR,Case56,561,15
iter 2,BR,Case56,561,15
iter 3,BR,Case56,561,15
iter 4,BR,Case56,561,15
iter 5,BR,Case56,561,15
iter 6,BR,Case56,561,15
iter 7,BR,Case56,561,15
iter 8,BR,Case56,561,15
iter 1,BR,Case57,5610,15
iter 2,BR,Case57,5610,15
iter 3,BR,Case57,5610,15
iter 4,BR,Case57,5610,15
iter 5,BR,Case57,5610,15
iter 6,BR,Case57,5610,15
iter 7,BR,Case57,5610,15
iter 8,BR,Case57,5610,15
iter 1,BR,Case58,11220,15
iter 2,BR,Case58,11220,15
iter 3,BR,Case58,11220,15
iter 4,BR,Case58,11220,15
iter 5,BR,Case58,11220,15
iter 6,BR,Case58,11220,15
iter 7,BR,Case58,11220,15
iter 8,BR,Case58,11220,15
iter 1,BR,Case59,22440,15
iter 2,BR,Case59,22440,15
iter 3,BR,Case59,22440,15
iter 4,BR,Case59,22440,15
iter 5,BR,Case59,22440,15
iter 6,BR,Case59,22440,15
iter 7,BR,Case59,22440,15
iter 8,BR,Case59,22440,15
iter 1,BR,Case60,28050,15
iter 2,BR,Case60,28050,15
iter 3,BR,Case60,28050,15
iter 4,BR,Case60,28050,15
iter 5,BR,Case60,28050,15
iter 6,BR,Case60,28050,15
iter 7,BR,Case60,28050,15
iter 8,BR,Case60,28050,15
iter 1,BR,Case61,33660,15
iter 2,BR,Case61,33660,15
iter 3,BR,Case61,33660,15
iter 4,BR,Case61,33660,15
iter 5,BR,Case61,33660,15
iter 6,BR,Case61,33660,15
iter 7,BR,Case61,33660,15
iter 8,BR,Case61,33660,15
iter 1,BR,Case62,44880,15
iter 2,BR,Case62,44880,15
iter 3,BR,Case62,44880,15
iter 4,BR,Case62,44880,15
iter 5,BR,Case62,44880,15
iter 6,BR,Case62,44880,15
iter 7,BR,Case62,44880,15
iter 8,BR,Case62,44880,15
iter 1,BR,Case63,56100,15
iter 2,BR,Case63,56100,15
iter 3,BR,Case63,56100,15
iter 4,BR,Case63,56100,15
iter 5,BR,Case63,56100,15
iter 6,BR,Case63,56100,15
iter 7,BR,Case63,56100,15
iter 8,BR,Case63,56100,15
iter 1,BR,Case64,561,20
iter 2,BR,Case64,561,20
iter 3,BR,Case64,561,20
iter 4,BR,Case64,561,20
iter 5,BR,Case64,561,20
iter 6,BR,Case64,561,20
iter 7,BR,Case64,561,20
iter 8,BR,Case64,561,20
iter 1,BR,Case65,5610,20
iter 2,BR,Case65,5610,20
iter 3,BR,Case65,5610,20
iter 4,BR,Case65,5610,20
iter 5,BR,Case65,5610,20
iter 6,BR,Case65,5610,20
iter 7,BR,Case65,5610,20
iter 8,BR,Case65,5610,20
iter 1,BR,Case66,11220,20
iter 2,BR,Case66,11220,20
iter 3,BR,Case66,11220,20
iter 4,BR,Case66,11220,20
iter 5,BR,Case66,11220,20
iter 6,BR,Case66,11220,20
iter 7,BR,Case66,11220,20
iter 8,BR,Case66,11220,20
iter 1,BR,Case67,22440,20
iter 2,BR,Case67,22440,20
iter 3,BR,Case67,22440,20
iter 4,BR,Case67,22440,20
iter 5,BR,Case67,22440,20
iter 6,BR,Case67,22440,20
iter 7,BR,Case67,22440,20
iter 8,BR,Case67,22440,20
iter 1,BR,Case68,28050,20
iter 2,BR,Case68,28050,20
iter 3,BR,Case68,28050,20
iter 4,BR,Case68,28050,20
iter 5,BR,Case68,28050,20
iter 6,BR,Case68,28050,20
iter 7,BR,Case68,28050,20
iter 8,BR,Case68,28050,20
iter 1,BR,Case69,33660,20
iter 2,BR,Case69,33660,20
iter 3,BR,Case69,33660,20
iter 4,BR,Case69,33660,20
iter 5,BR,Case69,33660,20
iter 6,BR,Case69,33660,20
iter 7,BR,Case69,33660,20
iter 8,BR,Case69,33660,20
iter 1,BR,Case70,44880,20
iter 2,BR,Case70,44880,20
iter 3,BR,Case70,44880,20
iter 4,BR,Case70,44880,20
iter 5,BR,Case70,44880,20
iter 6,BR,Case70,44880,20
iter 7,BR,Case70,44880,20
iter 8,BR,Case70,44880,20
iter 1,BR,Case71,56100,20
iter 2,BR,Case71,56100,20
iter 3,BR,Case71,56100,20
iter 4,BR,Case71,56100,20
iter 5,BR,Case71,56100,20
iter 6,BR,Case71,56100,20
iter 7,BR,Case71,56100,20
iter 8,BR,Case71,56100,20
iter 1,BR,Case72,561,30
iter 2,BR,Case72,561,30
iter 3,BR,Case72,561,30
iter 4,BR,Case72,561,30
iter 5,BR,Case72,561,30
iter 6,BR,Case72,561,30
iter 7,BR,Case72,561,30
iter 8,BR,Case72,561,30
iter 1,BR,Case73,5610,30
iter 2,BR,Case73,5610,30
iter 3,BR,Case73,5610,30
iter 4,BR,Case73,5610,30
iter 5,BR,Case73,5610,30
iter 6,BR,Case73,5610,30
iter 7,BR,Case73,5610,30
iter 8,BR,Case73,5610,30
iter 1,BR,Case74,11220,30
iter 2,BR,Case74,11220,30
iter 3,BR,Case74,11220,30
iter 4,BR,Case74,11220,30
iter 5,BR,Case74,11220,30
iter 6,BR,Case74,11220,30
iter 7,BR,Case74,11220,30
iter 8,BR,Case74,11220,30
iter 1,BR,Case75,22440,30
iter 2,BR,Case75,22440,30
iter 3,BR,Case75,22440,30
iter 4,BR,Case75,22440,30
iter 5,BR,Case75,22440,30
iter 6,BR,Case75,22440,30
iter 7,BR,Case75,22440,30
iter 8,BR,Case75,22440,30
iter 1,BR,Case76,28050,30
iter 2,BR,Case76,28050,30
iter 3,BR,Case76,28050,30
iter 4,BR,Case76,28050,30
iter 5,BR,Case76,28050,30
iter 6,BR,Case76,28050,30
iter 7,BR,Case76,28050,30
iter 8,BR,Case76,28050,30
iter 1,BR,Case77,33660,30
iter 2,BR,Case77,33660,30
iter 3,BR,Case77,33660,30
iter 4,BR,Case77,33660,30
iter 5,BR,Case77,33660,30
iter 6,BR,Case77,33660,30
iter 7,BR,Case77,33660,30
iter 8,BR,Case77,33660,30
iter 1,BR,Case78,44880,30
iter 2,BR,Case78,44880,30
iter 3,BR,Case78,44880,30
iter 4,BR,Case78,44880,30
iter 5,BR,Case78,44880,30
iter 6,BR,Case78,44880,30
iter 7,BR,Case78,44880,30
iter 8,BR,Case78,44880,30
iter 1,BR,Case79,56100,30
iter 2,BR,Case79,56100,30
iter 3,BR,Case79,56100,30
iter 4,BR,Case79,56100,30
iter 5,BR,Case79,56100,30
iter 6,BR,Case79,56100,30
iter 7,BR,Case79,56100,30
iter 8,BR,Case79,56100,30
iter 1,TF,Case0,561,0.01
iter 2,TF,Case0,561,0.01
iter 3,TF,Case0,561,0.01
iter 4,TF,Case0,561,0.01
iter 5,TF,Case0,561,0.01
iter 6,TF,Case0,561,0.01
iter 7,TF,Case0,561,0.01
iter 8,TF,Case0,561,0.01
iter 1,TF,Case1,5610,0.01
iter 2,TF,Case1,5610,0.01
iter 3,TF,Case1,5610,0.01
iter 4,TF,Case1,5610,0.01
iter 5,TF,Case1,5610,0.01
iter 6,TF,Case1,5610,0.01
iter 7,TF,Case1,5610,0.01
iter 8,TF,Case1,5610,0.01
iter 1,TF,Case2,11220,0.01
iter 2,TF,Case2,11220,0.01
iter 3,TF,Case2,11220,0.01
iter 4,TF,Case2,11220,0.01
iter 5,TF,Case2,11220,0.01
iter 6,TF,Case2,11220,0.01
iter 7,TF,Case2,11220,0.01
iter 8,TF,Case2,11220,0.01
iter 1,TF,Case3,22440,0.01
iter 2,TF,Case3,22440,0.01
iter 3,TF,Case3,22440,0.01
iter 4,TF,Case3,22440,0.01
iter 5,TF,Case3,22440,0.01
iter 6,TF,Case3,22440,0.01
iter 7,TF,Case3,22440,0.01
iter 8,TF,Case3,22440,0.01
iter 1,TF,Case4,28050,0.01
iter 2,TF,Case4,28050,0.01
iter 3,TF,Case4,28050,0.01
iter 4,TF,Case4,28050,0.01
iter 5,TF,Case4,28050,0.01
iter 6,TF,Case4,28050,0.01
iter 7,TF,Case4,28050,0.01
iter 8,TF,Case4,28050,0.01
iter 1,TF,Case5,33660,0.01
iter 2,TF,Case5,33660,0.01
iter 3,TF,Case5,33660,0.01
iter 4,TF,Case5,33660,0.01
iter 5,TF,Case5,33660,0.01
iter 6,TF,Case5,33660,0.01
iter 7,TF,Case5,33660,0.01
iter 8,TF,Case5,33660,0.01
iter 1,TF,Case6,44880,0.01
iter 2,TF,Case6,44880,0.01
iter 3,TF,Case6,44880,0.01
iter 4,TF,Case6,44880,0.01
iter 5,TF,Case6,44880,0.01
iter 6,TF,Case6,44880,0.01
iter 7,TF,Case6,44880,0.01
iter 8,TF,Case6,44880,0.01
iter 1,TF,Case7,56100,0.01
iter 2,TF,Case7,56100,0.01
iter 3,TF,Case7,56100,0.01
iter 4,TF,Case7,56100,0.01
iter 5,TF,Case7,56100,0.01
iter 6,TF,Case7,56100,0.01
iter 7,TF,Case7,56100,0.01
iter 8,TF,Case7,56100,0.01
iter 1,TF,Case8,561,0.03
iter 2,TF,Case8,561,0.03
iter 3,TF,Case8,561,0.03
iter 4,TF,Case8,561,0.03
iter 5,TF,Case8,561,0.03
iter 6,TF,Case8,561,0.03
iter 7,TF,Case8,561,0.03
iter 8,TF,Case8,561,0.03
iter 1,TF,Case9,5610,0.03
iter 2,TF,Case9,5610,0.03
iter 3,TF,Case9,5610,0.03
iter 4,TF,Case9,5610,0.03
iter 5,TF,Case9,5610,0.03
iter 6,TF,Case9,5610,0.03
iter 7,TF,Case9,5610,0.03
iter 8,TF,Case9,5610,0.03
iter 1,TF,Case10,11220,0.03
iter 2,TF,Case10,11220,0.03
iter 3,TF,Case10,11220,0.03
iter 4,TF,Case10,11220,0.03
iter 5,TF,Case10,11220,0.03
iter 6,TF,Case10,11220,0.03
iter 7,TF,Case10,11220,0.03
iter 8,TF,Case10,11220,0.03
iter 1,TF,Case11,22440,0.03
iter 2,TF,Case11,22440,0.03
iter 3,TF,Case11,22440,0.03
iter 4,TF,Case11,22440,0.03
iter 5,TF,Case11,22440,0.03
iter 6,TF,Case11,22440,0.03
iter 7,TF,Case11,22440,0.03
iter 8,TF,Case11,22440,0.03
iter 1,TF,Case12,28050,0.03
iter 2,TF,Case12,28050,0.03
iter 3,TF,Case12,28050,0.03
iter 4,TF,Case12,28050,0.03
iter 5,TF,Case12,28050,0.03
iter 6,TF,Case12,28050,0.03
iter 7,TF,Case12,28050,0.03
iter 8,TF,Case12,28050,0.03
iter 1,TF,Case13,33660,0.03
iter 2,TF,Case13,33660,0.03
iter 3,TF,Case13,33660,0.03
iter 4,TF,Case13,33660,0.03
iter 5,TF,Case13,33660,0.03
iter 6,TF,Case13,33660,0.03
iter 7,TF,Case13,33660,0.03
iter 8,TF,Case13,33660,0.03
iter 1,TF,Case14,44880,0.03
iter 2,TF,Case14,44880,0.03
iter 3,TF,Case14,44880,0.03
iter 4,TF,Case14,44880,0.03
iter 5,TF,Case14,44880,0.03
iter 6,TF,Case14,44880,0.03
iter 7,TF,Case14,44880,0.03
iter 8,TF,Case14,44880,0.03
iter 1,TF,Case15,56100,0.03
iter 2,TF,Case15,56100,0.03
iter 3,TF,Case15,56100,0.03
iter 4,TF,Case15,56100,0.03
iter 5,TF,Case15,56100,0.03
iter 6,TF,Case15,56100,0.03
iter 7,TF,Case15,56100,0.03
iter 8,TF,Case15,56100,0.03
iter 1,TF,Case16,561,0.05
iter 2,TF,Case16,561,0.05
iter 3,TF,Case16,561,0.05
iter 4,TF,Case16,561,0.05
iter 5,TF,Case16,561,0.05
iter 6,TF,Case16,561,0.05
iter 7,TF,Case16,561,0.05
iter 8,TF,Case16,561,0.05
iter 1,TF,Case17,5610,0.05
iter 2,TF,Case17,5610,0.05
iter 3,TF,Case17,5610,0.05
iter 4,TF,Case17,5610,0.05
iter 5,TF,Case17,5610,0.05
iter 6,TF,Case17,5610,0.05
iter 7,TF,Case17,5610,0.05
iter 8,TF,Case17,5610,0.05
iter 1,TF,Case18,11220,0.05
iter 2,TF,Case18,11220,0.05
iter 3,TF,Case18,11220,0.05
iter 4,TF,Case18,11220,0.05
iter 5,TF,Case18,11220,0.05
iter 6,TF,Case18,11220,0.05
iter 7,TF,Case18,11220,0.05
iter 8,TF,Case18,11220,0.05
iter 1,TF,Case19,22440,0.05
iter 2,TF,Case19,22440,0.05
iter 3,TF,Case19,22440,0.05
iter 4,TF,Case19,22440,0.05
iter 5,TF,Case19,22440,0.05
iter 6,TF,Case19,22440,0.05
iter 7,TF,Case19,22440,0.05
iter 8,TF,Case19,22440,0.05
iter 1,TF,Case20,28050,0.05
iter 2,TF,Case20,28050,0.05
iter 3,TF,Case20,28050,0.05
iter 4,TF,Case20,28050,0.05
iter 5,TF,Case20,28050,0.05
iter 6,TF,Case20,28050,0.05
iter 7,TF,Case20,28050,0.05
iter 8,TF,Case20,28050,0.05
iter 1,TF,Case21,33660,0.05
iter 2,TF,Case21,33660,0.05
iter 3,TF,Case21,33660,0.05
iter 4,TF,Case21,33660,0.05
iter 5,TF,Case21,33660,0.05
iter 6,TF,Case21,33660,0.05
iter 7,TF,Case21,33660,0.05
iter 8,TF,Case21,33660,0.05
iter 1,TF,Case22,44880,0.05
iter 2,TF,Case22,44880,0.05
iter 3,TF,Case22,44880,0.05
iter 4,TF,Case22,44880,0.05
iter 5,TF,Case22,44880,0.05
iter 6,TF,Case22,44880,0.05
iter 7,TF,Case22,44880,0.05
iter 8,TF,Case22,44880,0.05
iter 1,TF,Case23,56100,0.05
iter 2,TF,Case23,56100,0.05
iter 3,TF,Case23,56100,0.05
iter 4,TF,Case23,56100,0.05
iter 5,TF,Case23,56100,0.05
iter 6,TF,Case23,56100,0.05
iter 7,TF,Case23,56100,0.05
iter 8,TF,Case23,56100,0.05
iter 1,TF,Case24,561,0.1
iter 2,TF,Case24,561,0.1
iter 3,TF,Case24,561,0.1
iter 4,TF,Case24,561,0.1
iter 5,TF,Case24,561,0.1
iter 6,TF,Case24,561,0.1
iter 7,TF,Case24,561,0.1
iter 8,TF,Case24,561,0.1
iter 1,TF,Case25,5610,0.1
iter 2,TF,Case25,5610,0.1
iter 3,TF,Case25,5610,0.1
iter 4,TF,Case25,5610,0.1
iter 5,TF,Case25,5610,0.1
iter 6,TF,Case25,5610,0.1
iter 7,TF,Case25,5610,0.1
iter 8,TF,Case25,5610,0.1
iter 1,TF,Case26,11220,0.1
iter 2,TF,Case26,11220,0.1
iter 3,TF,Case26,11220,0.1
iter 4,TF,Case26,11220,0.1
iter 5,TF,Case26,11220,0.1
iter 6,TF,Case26,11220,0.1
iter 7,TF,Case26,11220,0.1
iter 8,TF,Case26,11220,0.1
iter 1,TF,Case27,22440,0.1
iter 2,TF,Case27,22440,0.1
iter 3,TF,Case27,22440,0.1
iter 4,TF,Case27,22440,0.1
iter 5,TF,Case27,22440,0.1
iter 6,TF,Case27,22440,0.1
iter 7,TF,Case27,22440,0.1
iter 8,TF,Case27,22440,0.1
iter 1,TF,Case28,28050,0.1
iter 2,TF,Case28,28050,0.1
iter 3,TF,Case28,28050,0.1
iter 4,TF,Case28,28050,0.1
iter 5,TF,Case28,28050,0.1
iter 6,TF,Case28,28050,0.1
iter 7,TF,Case28,28050,0.1
iter 8,TF,Case28,28050,0.1
iter 1,TF,Case29,33660,0.1
iter 2,TF,Case29,33660,0.1
iter 3,TF,Case29,33660,0.1
iter 4,TF,Case29,33660,0.1
iter 5,TF,Case29,33660,0.1
iter 6,TF,Case29,33660,0.1
iter 7,TF,Case29,33660,0.1
iter 8,TF,Case29,33660,0.1
iter 1,TF,Case30,44880,0.1
iter 2,TF,Case30,44880,0.1
iter 3,TF,Case30,44880,0.1
iter 4,TF,Case30,44880,0.1
iter 5,TF,Case30,44880,0.1
iter 6,TF,Case30,44880,0.1
iter 7,TF,Case30,44880,0.1
iter 8,TF,Case30,44880,0.1
iter 1,TF,Case31,56100,0.1
iter 2,TF,Case31,56100,0.1
iter 3,TF,Case31,56100,0.1
iter 4,TF,Case31,56100,0.1
iter 5,TF,Case31,56100,0.1
iter 6,TF,Case31,56100,0.1
iter 7,TF,Case31,56100,0.1
iter 8,TF,Case31,56100,0.1
iter 1,TF,Case32,561,0.15
iter 2,TF,Case32,561,0.15
iter 3,TF,Case32,561,0.15
iter 4,TF,Case32,561,0.15
iter 5,TF,Case32,561,0.15
iter 6,TF,Case32,561,0.15
iter 7,TF,Case32,561,0.15
iter 8,TF,Case32,561,0.15
iter 1,TF,Case33,5610,0.15
iter 2,TF,Case33,5610,0.15
iter 3,TF,Case33,5610,0.15
iter 4,TF,Case33,5610,0.15
iter 5,TF,Case33,5610,0.15
iter 6,TF,Case33,5610,0.15
iter 7,TF,Case33,5610,0.15
iter 8,TF,Case33,5610,0.15
iter 1,TF,Case34,11220,0.15
iter 2,TF,Case34,11220,0.15
iter 3,TF,Case34,11220,0.15
iter 4,TF,Case34,11220,0.15
iter 5,TF,Case34,11220,0.15
iter 6,TF,Case34,11220,0.15
iter 7,TF,Case34,11220,0.15
iter 8,TF,Case34,11220,0.15
iter 1,TF,Case35,22440,0.15
iter 2,TF,Case35,22440,0.15
iter 3,TF,Case35,22440,0.15
iter 4,TF,Case35,22440,0.15
iter 5,TF,Case35,22440,0.15
iter 6,TF,Case35,22440,0.15
iter 7,TF,Case35,22440,0.15
iter 8,TF,Case35,22440,0.15
iter 1,TF,Case36,28050,0.15
iter 2,TF,Case36,28050,0.15
iter 3,TF,Case36,28050,0.15
iter 4,TF,Case36,28050,0.15
iter 5,TF,Case36,28050,0.15
iter 6,TF,Case36,28050,0.15
iter 7,TF,Case36,28050,0.15
iter 8,TF,Case36,28050,0.15
iter 1,TF,Case37,33660,0.15
iter 2,TF,Case37,33660,0.15
iter 3,TF,Case37,33660,0.15
iter 4,TF,Case37,33660,0.15
iter 5,TF,Case37,33660,0.15
iter 6,TF,Case37,33660,0.15
iter 7,TF,Case37,33660,0.15
iter 8,TF,Case37,33660,0.15
iter 1,TF,Case38,44880,0.15
iter 2,TF,Case38,44880,0.15
iter 3,TF,Case38,44880,0.15
iter 4,TF,Case38,44880,0.15
iter 5,TF,Case38,44880,0.15
iter 6,TF,Case38,44880,0.15
iter 7,TF,Case38,44880,0.15
iter 8,TF,Case38,44880,0.15
iter 1,TF,Case39,56100,0.15
iter 2,TF,Case39,56100,0.15
iter 3,TF,Case39,56100,0.15
iter 4,TF,Case39,56100,0.15
iter 5,TF,Case39,56100,0.15
iter 6,TF,Case39,56100,0.15
iter 7,TF,Case39,56100,0.15
iter 8,TF,Case39,56100,0.15
iter 1,TF,Case40,561,0.2
iter 2,TF,Case40,561,0.2
iter 3,TF,Case40,561,0.2
iter 4,TF,Case40,561,0.2
iter 5,TF,Case40,561,0.2
iter 6,TF,Case40,561,0.2
iter 7,TF,Case40,561,0.2
iter 8,TF,Case40,561,0.2
iter 1,TF,Case41,5610,0.2
iter 2,TF,Case41,5610,0.2
iter 3,TF,Case41,5610,0.2
iter 4,TF,Case41,5610,0.2
iter 5,TF,Case41,5610,0.2
iter 6,TF,Case41,5610,0.2
iter 7,TF,Case41,5610,0.2
iter 8,TF,Case41,5610,0.2
iter 1,TF,Case42,11220,0.2
iter 2,TF,Case42,11220,0.2
iter 3,TF,Case42,11220,0.2
iter 4,TF,Case42,11220,0.2
iter 5,TF,Case42,11220,0.2
iter 6,TF,Case42,11220,0.2
iter 7,TF,Case42,11220,0.2
iter 8,TF,Case42,11220,0.2
iter 1,TF,Case43,22440,0.2
iter 2,TF,Case43,22440,0.2
iter 3,TF,Case43,22440,0.2
iter 4,TF,Case43,22440,0.2
iter 5,TF,Case43,22440,0.2
iter 6,TF,Case43,22440,0.2
iter 7,TF,Case43,22440,0.2
iter 8,TF,Case43,22440,0.2
iter 1,TF,Case44,28050,0.2
iter 2,TF,Case44,28050,0.2
iter 3,TF,Case44,28050,0.2
iter 4,TF,Case44,28050,0.2
iter 5,TF,Case44,28050,0.2
iter 6,TF,Case44,28050,0.2
iter 7,TF,Case44,28050,0.2
iter 8,TF,Case44,28050,0.2
iter 1,TF,Case45,33660,0.2
iter 2,TF,Case45,33660,0.2
iter 3,TF,Case45,33660,0.2
iter 4,TF,Case45,33660,0.2
iter 5,TF,Case45,33660,0.2
iter 6,TF,Case45,33660,0.2
iter 7,TF,Case45,33660,0.2
iter 8,TF,Case45,33660,0.2
iter 1,TF,Case46,44880,0.2
iter 2,TF,Case46,44880,0.2
iter 3,TF,Case46,44880,0.2
iter 4,TF,Case46,44880,0.2
iter 5,TF,Case46,44880,0.2
iter 6,TF,Case46,44880,0.2
iter 7,TF,Case46,44880,0.2
iter 8,TF,Case46,44880,0.2
iter 1,TF,Case47,56100,0.2
iter 2,TF,Case47,56100,0.2
iter 3,TF,Case47,56100,0.2
iter 4,TF,Case47,56100,0.2
iter 5,TF,Case47,56100,0.2
iter 6,TF,Case47,56100,0.2
iter 7,TF,Case47,56100,0.2
iter 8,TF,Case47,56100,0.2
iter 1,TF,Case48,561,1
iter 2,TF,Case48,561,1
iter 3,TF,Case48,561,1
iter 4,TF,Case48,561,1
iter 5,TF,Case48,561,1
iter 6,TF,Case48,561,1
iter 7,TF,Case48,561,1
iter 8,TF,Case48,561,1
iter 1,TF,Case49,5610,1
iter 2,TF,Case49,5610,1
iter 3,TF,Case49,5610,1
iter 4,TF,Case49,5610,1
iter 5,TF,Case49,5610,1
iter 6,TF,Case49,5610,1
iter 7,TF,Case49,5610,1
iter 8,TF,Case49,5610,1
iter 1,TF,Case50,11220,1
iter 2,TF,Case50,11220,1
iter 3,TF,Case50,11220,1
iter 4,TF,Case50,11220,1
iter 5,TF,Case50,11220,1
iter 6,TF,Case50,11220,1
iter 7,TF,Case50,11220,1
iter 8,TF,Case50,11220,1
iter 1,TF,Case51,22440,1
iter 2,TF,Case51,22440,1
iter 3,TF,Case51,22440,1
iter 4,TF,Case51,22440,1
iter 5,TF,Case51,22440,1
iter 6,TF,Case51,22440,1
iter 7,TF,Case51,22440,1
iter 8,TF,Case51,22440,1
iter 1,TF,Case52,28050,1
iter 2,TF,Case52,28050,1
iter 3,TF,Case52,28050,1
iter 4,TF,Case52,28050,1
iter 5,TF,Case52,28050,1
iter 6,TF,Case52,28050,1
iter 7,TF,Case52,28050,1
iter 8,TF,Case52,28050,1
iter 1,TF,Case53,33660,1
iter 2,TF,Case53,33660,1
iter 3,TF,Case53,33660,1
iter 4,TF,Case53,33660,1
iter 5,TF,Case53,33660,1
iter 6,TF,Case53,33660,1
iter 7,TF,Case53,33660,1
iter 8,TF,Case53,33660,1
iter 1,TF,Case54,44880,1
iter 2,TF,Case54,44880,1
iter 3,TF,Case54,44880,1
iter 4,TF,Case54,44880,1
iter 5,TF,Case54,44880,1
iter 6,TF,Case54,44880,1
iter 7,TF,Case54,44880,1
iter 8,TF,Case54,44880,1
iter 1,TF,Case55,56100,1
iter 2,TF,Case55,56100,1
iter 3,TF,Case55,56100,1
iter 4,TF,Case55,56100,1
iter 5,TF,Case55,56100,1
iter 6,TF,Case55,56100,1
iter 7,TF,Case55,56100,1
iter 8,TF,Case55,56100,1
iter 1,TF,Case56,561,15
iter 2,TF,Case56,561,15
iter 3,TF,Case56,561,15
iter 4,TF,Case56,561,15
iter 5,TF,Case56,561,15
iter 6,TF,Case56,561,15
iter 7,TF,Case56,561,15
iter 8,TF,Case56,561,15
iter 1,TF,Case57,5610,15
iter 2,TF,Case57,5610,15
iter 3,TF,Case57,5610,15
iter 4,TF,Case57,5610,15
iter 5,TF,Case57,5610,15
iter 6,TF,Case57,5610,15
iter 7,TF,Case57,5610,15
iter 8,TF,Case57,5610,15
iter 1,TF,Case58,11220,15
iter 2,TF,Case58,11220,15
iter 3,TF,Case58,11220,15
iter 4,TF,Case58,11220,15
iter 5,TF,Case58,11220,15
iter 6,TF,Case58,11220,15
iter 7,TF,Case58,11220,15
iter 8,TF,Case58,11220,15
iter 1,TF,Case59,22440,15
iter 2,TF,Case59,22440,15
iter 3,TF,Case59,22440,15
iter 4,TF,Case59,22440,15
iter 5,TF,Case59,22440,15
iter 6,TF,Case59,22440,15
iter 7,TF,Case59,22440,15
iter 8,TF,Case59,22440,15
iter 1,TF,Case60,28050,15
iter 2,TF,Case60,28050,15
iter 3,TF,Case60,28050,15
iter 4,TF,Case60,28050,15
iter 5,TF,Case60,28050,15
iter 6,TF,Case60,28050,15
iter 7,TF,Case60,28050,15
iter 8,TF,Case60,28050,15
iter 1,TF,Case61,33660,15
iter 2,TF,Case61,33660,15
iter 3,TF,Case61,33660,15
iter 4,TF,Case61,33660,15
iter 5,TF,Case61,33660,15
iter 6,TF,Case61,33660,15
iter 7,TF,Case61,33660,15
iter 8,TF,Case61,33660,15
iter 1,TF,Case62,44880,15
iter 2,TF,Case62,44880,15
iter 3,TF,Case62,44880,15
iter 4,TF,Case62,44880,15
iter 5,TF,Case62,44880,15
iter 6,TF,Case62,44880,15
iter 7,TF,Case62,44880,15
iter 8,TF,Case62,44880,15
iter 1,TF,Case63,56100,15
iter 2,TF,Case63,56100,15
iter 3,TF,Case63,56100,15
iter 4,TF,Case63,56100,15
iter 5,TF,Case63,56100,15
iter 6,TF,Case63,56100,15
iter 7,TF,Case63,56100,15
iter 8,TF,Case63,56100,15
iter 1,TF,Case64,561,20
iter 2,TF,Case64,561,20
iter 3,TF,Case64,561,20
iter 4,TF,Case64,561,20
iter 5,TF,Case64,561,20
iter 6,TF,Case64,561,20
iter 7,TF,Case64,561,20
iter 8,TF,Case64,561,20
iter 1,TF,Case65,5610,20
iter 2,TF,Case65,5610,20
iter 3,TF,Case65,5610,20
iter 4,TF,Case65,5610,20
iter 5,TF,Case65,5610,20
iter 6,TF,Case65,5610,20
iter 7,TF,Case65,5610,20
iter 8,TF,Case65,5610,20
iter 1,TF,Case66,11220,20
iter 2,TF,Case66,11220,20
iter 3,TF,Case66,11220,20
iter 4,TF,Case66,11220,20
iter 5,TF,Case66,11220,20
iter 6,TF,Case66,11220,20
iter 7,TF,Case66,11220,20
iter 8,TF,Case66,11220,20
iter 1,TF,Case67,22440,20
iter 2,TF,Case67,22440,20
iter 3,TF,Case67,22440,20
iter 4,TF,Case67,22440,20
iter 5,TF,Case67,22440,20
iter 6,TF,Case67,22440,20
iter 7,TF,Case67,22440,20
iter 8,TF,Case67,22440,20
iter 1,TF,Case68,28050,20
iter 2,TF,Case68,28050,20
iter 3,TF,Case68,28050,20
iter 4,TF,Case68,28050,20
iter 5,TF,Case68,28050,20
iter 6,TF,Case68,28050,20
iter 7,TF,Case68,28050,20
iter 8,TF,Case68,28050,20
iter 1,TF,Case69,33660,20
iter 2,TF,Case69,33660,20
iter 3,TF,Case69,33660,20
iter 4,TF,Case69,33660,20
iter 5,TF,Case69,33660,20
iter 6,TF,Case69,33660,20
iter 7,TF,Case69,33660,20
iter 8,TF,Case69,33660,20
iter 1,TF,Case70,44880,20
iter 2,TF,Case70,44880,20
iter 3,TF,Case70,44880,20
iter 4,TF,Case70,44880,20
iter 5,TF,Case70,44880,20
iter 6,TF,Case70,44880,20
iter 7,TF,Case70,44880,20
iter 8,TF,Case70,44880,20
iter 1,TF,Case71,56100,20
iter 2,TF,Case71,56100,20
iter 3,TF,Case71,56100,20
iter 4,TF,Case71,56100,20
iter 5,TF,Case71,56100,20
iter 6,TF,Case71,56100,20
iter 7,TF,Case71,56100,20
iter 8,TF,Case71,56100,20
iter 1,TF,Case72,561,30
iter 2,TF,Case72,561,30
iter 3,TF,Case72,561,30
iter 4,TF,Case72,561,30
iter 5,TF,Case72,561,30
iter 6,TF,Case72,561,30
iter 7,TF,Case72,561,30
iter 8,TF,Case72,561,30
iter 1,TF,Case73,5610,30
iter 2,TF,Case73,5610,30
iter 3,TF,Case73,5610,30
iter 4,TF,Case73,5610,30
iter 5,TF,Case73,5610,30
iter 6,TF,Case73,5610,30
iter 7,TF,Case73,5610,30
iter 8,TF,Case73,5610,30
iter 1,TF,Case74,11220,30
iter 2,TF,Case74,11220,30
iter 3,TF,Case74,11220,30
iter 4,TF,Case74,11220,30
iter 5,TF,Case74,11220,30
iter 6,TF,Case74,11220,30
iter 7,TF,Case74,11220,30
iter 8,TF,Case74,11220,30
iter 1,TF,Case75,22440,30
iter 2,TF,Case75,22440,30
iter 3,TF,Case75,22440,30
iter 4,TF,Case75,22440,30
iter 5,TF,Case75,22440,30
iter 6,TF,Case75,22440,30
iter 7,TF,Case75,22440,30
iter 8,TF,Case75,22440,30
iter 1,TF,Case76,28050,30
iter 2,TF,Case76,28050,30
iter 3,TF,Case76,28050,30
iter 4,TF,Case76,28050,30
iter 5,TF,Case76,28050,30
iter 6,TF,Case76,28050,30
iter 7,TF,Case76,28050,30
iter 8,TF,Case76,28050,30
iter 1,TF,Case77,33660,30
iter 2,TF,Case77,33660,30
iter 3,TF,Case77,33660,30
iter 4,TF,Case77,33660,30
iter 5,TF,Case77,33660,30
iter 6,TF,Case77,33660,30
iter 7,TF,Case77,33660,30
iter 8,TF,Case77,33660,30
iter 1,TF,Case78,44880,30
iter 2,TF,Case78,44880,30
iter 3,TF,Case78,44880,30
iter 4,TF,Case78,44880,30
iter 5,TF,Case78,44880,30
iter 6,TF,Case78,44880,30
iter 7,TF,Case78,44880,30
iter 8,TF,Case78,44880,30
iter 1,TF,Case79,56100,30
iter 2,TF,Case79,56100,30
iter 3,TF,Case79,56100,30
iter 4,TF,Case79,56100,30
iter 5,TF,Case79,56100,30
iter 6,TF,Case79,56100,30
iter 7,TF,Case79,56100,30
iter 8,TF,Case79,56100,30