Run_ID,Cohort,Scenario,PTEN_normal,PTEN_null,Total_cells,Androgen_condition,Uptake_rate_multiplier,Uptake_celltype,Cell_cell_adhesion_multiplier,Migration_speed_multiplier,AdhMot_celltype,Clone_type,Seed
1,BR,Scenario2,75,75,150,High,0.1,both,1,1,PTEN_null,-,42
2,BR,Scenario2,75,75,150,High,0.1,both,1,1,PTEN_null,-,101
3,BR,Scenario2,75,75,150,High,0.1,both,1,1,PTEN_null,-,2025
4,BR,Scenario2,75,75,150,High,0.1,both,1,1,PTEN_null,-,6789
5,BR,Scenario2,75,75,150,High,0.1,both,1,1,PTEN_null,-,13579
6,BR,Scenario2,75,75,150,High,0.1,both,1,1,PTEN_null,-,24680
7,BR,Scenario2,75,75,150,High,0.1,both,1,1,PTEN_null,-,73205
8,BR,Scenario2,75,75,150,High,0.1,both,1,1,PTEN_null,-,10939
9,BR,Scenario2,75,75,150,High,0.1,both,1,1,PTEN_null,-,84752
10,BR,Scenario2,75,75,150,High,0.1,both,1,1,PTEN_null,-,62700
11,BR,Scenario2,75,75,150,High,0.5,both,1,1,PTEN_null,-,42
12,BR,Scenario2,75,75,150,High,0.5,both,1,1,PTEN_null,-,101
13,BR,Scenario2,75,75,150,High,0.5,both,1,1,PTEN_null,-,2025
14,BR,Scenario2,75,75,150,High,0.5,both,1,1,PTEN_null,-,6789
15,BR,Scenario2,75,75,150,High,0.5,both,1,1,PTEN_null,-,13579
16,BR,Scenario2,75,75,150,High,0.5,both,1,1,PTEN_null,-,24680
17,BR,Scenario2,75,75,150,High,0.5,both,1,1,PTEN_null,-,73205
18,BR,Scenario2,75,75,150,High,0.5,both,1,1,PTEN_null,-,10939
19,BR,Scenario2,75,75,150,High,0.5,both,1,1,PTEN_null,-,84752
20,BR,Scenario2,75,75,150,High,0.5,both,1,1,PTEN_null,-,62700
21,BR,Scenario2,75,75,150,High,1,both,1,1,PTEN_null,-,42
22,BR,Scenario2,75,75,150,High,1,both,1,1,PTEN_null,-,101
23,BR,Scenario2,75,75,150,High,1,both,1,1,PTEN_null,-,2025
24,BR,Scenario2,75,75,150,High,1,both,1,1,PTEN_null,-,6789
25,BR,Scenario2,75,75,150,High,1,both,1,1,PTEN_null,-,13579
26,BR,Scenario2,75,75,150,High,1,both,1,1,PTEN_null,-,24680
27,BR,Scenario2,75,75,150,High,1,both,1,1,PTEN_null,-,73205
28,BR,Scenario2,75,75,150,High,1,both,1,1,PTEN_null,-,10939
29,BR,Scenario2,75,75,150,High,1,both,1,1,PTEN_null,-,84752
30,BR,Scenario2,75,75,150,High,1,both,1,1,PTEN_null,-,62700
31,BR,Scenario2,75,75,150,High,4,both,1,1,PTEN_null,-,42
32,BR,Scenario2,75,75,150,High,4,both,1,1,PTEN_null,-,101
33,BR,Scenario2,75,75,150,High,4,both,1,1,PTEN_null,-,2025
34,BR,Scenario2,75,75,150,High,4,both,1,1,PTEN_null,-,6789
35,BR,Scenario2,75,75,150,High,4,both,1,1,PTEN_null,-,13579
36,BR,Scenario2,75,75,150,High,4,both,1,1,PTEN_null,-,24680
37,BR,Scenario2,75,75,150,High,4,both,1,1,PTEN_null,-,73205
38,BR,Scenario2,75,75,150,High,4,both,1,1,PTEN_null,-,10939
39,BR,Scenario2,75,75,150,High,4,both,1,1,PTEN_null,-,84752
40,BR,Scenario2,75,75,150,High,4,both,1,1,PTEN_null,-,62700
41,BR,Scenario2,75,75,150,High,7,both,1,1,PTEN_null,-,42
42,BR,Scenario2,75,75,150,High,7,both,1,1,PTEN_null,-,101
43,BR,Scenario2,75,75,150,High,7,both,1,1,PTEN_null,-,2025
44,BR,Scenario2,75,75,150,High,7,both,1,1,PTEN_null,-,6789
45,BR,Scenario2,75,75,150,High,7,both,1,1,PTEN_null,-,13579
46,BR,Scenario2,75,75,150,High,7,both,1,1,PTEN_null,-,24680
47,BR,Scenario2,75,75,150,High,7,both,1,1,PTEN_null,-,73205
48,BR,Scenario2,75,75,150,High,7,both,1,1,PTEN_null,-,10939
49,BR,Scenario2,75,75,150,High,7,both,1,1,PTEN_null,-,84752
50,BR,Scenario2,75,75,150,High,7,both,1,1,PTEN_null,-,62700
51,BR,Scenario2,75,75,150,High,10,both,1,1,PTEN_null,-,42
52,BR,Scenario2,75,75,150,High,10,both,1,1,PTEN_null,-,101
53,BR,Scenario2,75,75,150,High,10,both,1,1,PTEN_null,-,2025
54,BR,Scenario2,75,75,150,High,10,both,1,1,PTEN_null,-,6789
55,BR,Scenario2,75,75,150,High,10,both,1,1,PTEN_null,-,13579
56,BR,Scenario2,75,75,150,High,10,both,1,1,PTEN_null,-,24680
57,BR,Scenario2,75,75,150,High,10,both,1,1,PTEN_null,-,73205
58,BR,Scenario2,75,75,150,High,10,both,1,1,PTEN_null,-,10939
59,BR,Scenario2,75,75,150,High,10,both,1,1,PTEN_null,-,84752
60,BR,Scenario2,75,75,150,High,10,both,1,1,PTEN_null,-,62700
61,BR,Scenario2,75,75,150,High,100,both,1,1,PTEN_null,-,42
62,BR,Scenario2,75,75,150,High,100,both,1,1,PTEN_null,-,101
63,BR,Scenario2,75,75,150,High,100,both,1,1,PTEN_null,-,2025
64,BR,Scenario2,75,75,150,High,100,both,1,1,PTEN_null,-,6789
65,BR,Scenario2,75,75,150,High,100,both,1,1,PTEN_null,-,13579
66,BR,Scenario2,75,75,150,High,100,both,1,1,PTEN_null,-,24680
67,BR,Scenario2,75,75,150,High,100,both,1,1,PTEN_null,-,73205
68,BR,Scenario2,75,75,150,High,100,both,1,1,PTEN_null,-,10939
69,BR,Scenario2,75,75,150,High,100,both,1,1,PTEN_null,-,84752
70,BR,Scenario2,75,75,150,High,100,both,1,1,PTEN_null,-,62700
71,TR,Scenario2,75,75,150,High,0.1,both,1,1,PTEN_null,-,42
72,TR,Scenario2,75,75,150,High,0.1,both,1,1,PTEN_null,-,101
73,TR,Scenario2,75,75,150,High,0.1,both,1,1,PTEN_null,-,2025
74,TR,Scenario2,75,75,150,High,0.1,both,1,1,PTEN_null,-,6789
75,TR,Scenario2,75,75,150,High,0.1,both,1,1,PTEN_null,-,13579
76,TR,Scenario2,75,75,150,High,0.1,both,1,1,PTEN_null,-,24680
77,TR,Scenario2,75,75,150,High,0.1,both,1,1,PTEN_null,-,73205
78,TR,Scenario2,75,75,150,High,0.1,both,1,1,PTEN_null,-,10939
79,TR,Scenario2,75,75,150,High,0.1,both,1,1,PTEN_null,-,84752
80,TR,Scenario2,75,75,150,High,0.1,both,1,1,PTEN_null,-,62700
81,TR,Scenario2,75,75,150,High,0.5,both,1,1,PTEN_null,-,42
82,TR,Scenario2,75,75,150,High,0.5,both,1,1,PTEN_null,-,101
83,TR,Scenario2,75,75,150,High,0.5,both,1,1,PTEN_null,-,2025
84,TR,Scenario2,75,75,150,High,0.5,both,1,1,PTEN_null,-,6789
85,TR,Scenario2,75,75,150,High,0.5,both,1,1,PTEN_null,-,13579
86,TR,Scenario2,75,75,150,High,0.5,both,1,1,PTEN_null,-,24680
87,TR,Scenario2,75,75,150,High,0.5,both,1,1,PTEN_null,-,73205
88,TR,Scenario2,75,75,150,High,0.5,both,1,1,PTEN_null,-,10939
89,TR,Scenario2,75,75,150,High,0.5,both,1,1,PTEN_null,-,84752
90,TR,Scenario2,75,75,150,High,0.5,both,1,1,PTEN_null,-,62700
91,TR,Scenario2,75,75,150,High,1,both,1,1,PTEN_null,-,42
92,TR,Scenario2,75,75,150,High,1,both,1,1,PTEN_null,-,101
93,TR,Scenario2,75,75,150,High,1,both,1,1,PTEN_null,-,2025
94,TR,Scenario2,75,75,150,High,1,both,1,1,PTEN_null,-,6789
95,TR,Scenario2,75,75,150,High,1,both,1,1,PTEN_null,-,13579
96,TR,Scenario2,75,75,150,High,1,both,1,1,PTEN_null,-,24680
97,TR,Scenario2,75,75,150,High,1,both,1,1,PTEN_null,-,73205
98,TR,Scenario2,75,75,150,High,1,both,1,1,PTEN_null,-,10939
99,TR,Scenario2,75,75,150,High,1,both,1,1,PTEN_null,-,84752
100,TR,Scenario2,75,75,150,High,1,both,1,1,PTEN_null,-,62700
101,TR,Scenario2,75,75,150,High,4,both,1,1,PTEN_null,-,42
102,TR,Scenario2,75,75,150,High,4,both,1,1,PTEN_null,-,101
103,TR,Scenario2,75,75,150,High,4,both,1,1,PTEN_null,-,2025
104,TR,Scenario2,75,75,150,High,4,both,1,1,PTEN_null,-,6789
105,TR,Scenario2,75,75,150,High,4,both,1,1,PTEN_null,-,13579
106,TR,Scenario2,75,75,150,High,4,both,1,1,PTEN_null,-,24680
107,TR,Scenario2,75,75,150,High,4,both,1,1,PTEN_null,-,73205
108,TR,Scenario2,75,75,150,High,4,both,1,1,PTEN_null,-,10939
109,TR,Scenario2,75,75,150,High,4,both,1,1,PTEN_null,-,84752
110,TR,Scenario2,75,75,150,High,4,both,1,1,PTEN_null,-,62700
111,TR,Scenario2,75,75,150,High,7,both,1,1,PTEN_null,-,42
112,TR,Scenario2,75,75,150,High,7,both,1,1,PTEN_null,-,101
113,TR,Scenario2,75,75,150,High,7,both,1,1,PTEN_null,-,2025
114,TR,Scenario2,75,75,150,High,7,both,1,1,PTEN_null,-,6789
115,TR,Scenario2,75,75,150,High,7,both,1,1,PTEN_null,-,13579
116,TR,Scenario2,75,75,150,High,7,both,1,1,PTEN_null,-,24680
117,TR,Scenario2,75,75,150,High,7,both,1,1,PTEN_null,-,73205
118,TR,Scenario2,75,75,150,High,7,both,1,1,PTEN_null,-,10939
119,TR,Scenario2,75,75,150,High,7,both,1,1,PTEN_null,-,84752
120,TR,Scenario2,75,75,150,High,7,both,1,1,PTEN_null,-,62700
121,TR,Scenario2,75,75,150,High,10,both,1,1,PTEN_null,-,42
122,TR,Scenario2,75,75,150,High,10,both,1,1,PTEN_null,-,101
123,TR,Scenario2,75,75,150,High,10,both,1,1,PTEN_null,-,2025
124,TR,Scenario2,75,75,150,High,10,both,1,1,PTEN_null,-,6789
125,TR,Scenario2,75,75,150,High,10,both,1,1,PTEN_null,-,13579
126,TR,Scenario2,75,75,150,High,10,both,1,1,PTEN_null,-,24680
127,TR,Scenario2,75,75,150,High,10,both,1,1,PTEN_null,-,73205
128,TR,Scenario2,75,75,150,High,10,both,1,1,PTEN_null,-,10939
129,TR,Scenario2,75,75,150,High,10,both,1,1,PTEN_null,-,84752
130,TR,Scenario2,75,75,150,High,10,both,1,1,PTEN_null,-,62700
131,TR,Scenario2,75,75,150,High,100,both,1,1,PTEN_null,-,42
132,TR,Scenario2,75,75,150,High,100,both,1,1,PTEN_null,-,101
133,TR,Scenario2,75,75,150,High,100,both,1,1,PTEN_null,-,2025
134,TR,Scenario2,75,75,150,High,100,both,1,1,PTEN_null,-,6789
135,TR,Scenario2,75,75,150,High,100,both,1,1,PTEN_null,-,13579
136,TR,Scenario2,75,75,150,High,100,both,1,1,PTEN_null,-,24680
137,TR,Scenario2,75,75,150,High,100,both,1,1,PTEN_null,-,73205
138,TR,Scenario2,75,75,150,High,100,both,1,1,PTEN_null,-,10939
139,TR,Scenario2,75,75,150,High,100,both,1,1,PTEN_null,-,84752
140,TR,Scenario2,75,75,150,High,100,both,1,1,PTEN_null,-,62700
141,CTRL,Scenario2,75,75,150,High,0.1,both,1,1,PTEN_null,-,42
142,CTRL,Scenario2,75,75,150,High,0.1,both,1,1,PTEN_null,-,101
143,CTRL,Scenario2,75,75,150,High,0.1,both,1,1,PTEN_null,-,2025
144,CTRL,Scenario2,75,75,150,High,0.1,both,1,1,PTEN_null,-,6789
145,CTRL,Scenario2,75,75,150,High,0.1,both,1,1,PTEN_null,-,13579
146,CTRL,Scenario2,75,75,150,High,0.1,both,1,1,PTEN_null,-,24680
147,CTRL,Scenario2,75,75,150,High,0.1,both,1,1,PTEN_null,-,73205
148,CTRL,Scenario2,75,75,150,High,0.1,both,1,1,PTEN_null,-,10939
149,CTRL,Scenario2,75,75,150,High,0.1,both,1,1,PTEN_null,-,84752
150,CTRL,Scenario2,75,75,150,High,0.1,both,1,1,PTEN_null,-,62700
151,CTRL,Scenario2,75,75,150,High,0.5,both,1,1,PTEN_null,-,42
152,CTRL,Scenario2,75,75,150,High,0.5,both,1,1,PTEN_null,-,101
153,CTRL,Scenario2,75,75,150,High,0.5,both,1,1,PTEN_null,-,2025
154,CTRL,Scenario2,75,75,150,High,0.5,both,1,1,PTEN_null,-,6789
155,CTRL,Scenario2,75,75,150,High,0.5,both,1,1,PTEN_null,-,13579
156,CTRL,Scenario2,75,75,150,High,0.5,both,1,1,PTEN_null,-,24680
157,CTRL,Scenario2,75,75,150,High,0.5,both,1,1,PTEN_null,-,73205
158,CTRL,Scenario2,75,75,150,High,0.5,both,1,1,PTEN_null,-,10939
159,CTRL,Scenario2,75,75,150,High,0.5,both,1,1,PTEN_null,-,84752
160,CTRL,Scenario2,75,75,150,High,0.5,both,1,1,PTEN_null,-,62700
161,CTRL,Scenario2,75,75,150,High,1,both,1,1,PTEN_null,-,42
162,CTRL,Scenario2,75,75,150,High,1,both,1,1,PTEN_null,-,101
163,CTRL,Scenario2,75,75,150,High,1,both,1,1,PTEN_null,-,2025
164,CTRL,Scenario2,75,75,150,High,1,both,1,1,PTEN_null,-,6789
165,CTRL,Scenario2,75,75,150,High,1,both,1,1,PTEN_null,-,13579
166,CTRL,Scenario2,75,75,150,High,1,both,1,1,PTEN_null,-,24680
167,CTRL,Scenario2,75,75,150,High,1,both,1,1,PTEN_null,-,73205
168,CTRL,Scenario2,75,75,150,High,1,both,1,1,PTEN_null,-,10939
169,CTRL,Scenario2,75,75,150,High,1,both,1,1,PTEN_null,-,84752
170,CTRL,Scenario2,75,75,150,High,1,both,1,1,PTEN_null,-,62700
171,CTRL,Scenario2,75,75,150,High,4,both,1,1,PTEN_null,-,42
172,CTRL,Scenario2,75,75,150,High,4,both,1,1,PTEN_null,-,101
173,CTRL,Scenario2,75,75,150,High,4,both,1,1,PTEN_null,-,2025
174,CTRL,Scenario2,75,75,150,High,4,both,1,1,PTEN_null,-,6789
175,CTRL,Scenario2,75,75,150,High,4,both,1,1,PTEN_null,-,13579
176,CTRL,Scenario2,75,75,150,High,4,both,1,1,PTEN_null,-,24680
177,CTRL,Scenario2,75,75,150,High,4,both,1,1,PTEN_null,-,73205
178,CTRL,Scenario2,75,75,150,High,4,both,1,1,PTEN_null,-,10939
179,CTRL,Scenario2,75,75,150,High,4,both,1,1,PTEN_null,-,84752
180,CTRL,Scenario2,75,75,150,High,4,both,1,1,PTEN_null,-,62700
181,CTRL,Scenario2,75,75,150,High,7,both,1,1,PTEN_null,-,42
182,CTRL,Scenario2,75,75,150,High,7,both,1,1,PTEN_null,-,101
183,CTRL,Scenario2,75,75,150,High,7,both,1,1,PTEN_null,-,2025
184,CTRL,Scenario2,75,75,150,High,7,both,1,1,PTEN_null,-,6789
185,CTRL,Scenario2,75,75,150,High,7,both,1,1,PTEN_null,-,13579
186,CTRL,Scenario2,75,75,150,High,7,both,1,1,PTEN_null,-,24680
187,CTRL,Scenario2,75,75,150,High,7,both,1,1,PTEN_null,-,73205
188,CTRL,Scenario2,75,75,150,High,7,both,1,1,PTEN_null,-,10939
189,CTRL,Scenario2,75,75,150,High,7,both,1,1,PTEN_null,-,84752
190,CTRL,Scenario2,75,75,150,High,7,both,1,1,PTEN_null,-,62700
191,CTRL,Scenario2,75,75,150,High,10,both,1,1,PTEN_null,-,42
192,CTRL,Scenario2,75,75,150,High,10,both,1,1,PTEN_null,-,101
193,CTRL,Scenario2,75,75,150,High,10,both,1,1,PTEN_null,-,2025
194,CTRL,Scenario2,75,75,150,High,10,both,1,1,PTEN_null,-,6789
195,CTRL,Scenario2,75,75,150,High,10,both,1,1,PTEN_null,-,13579
196,CTRL,Scenario2,75,75,150,High,10,both,1,1,PTEN_null,-,24680
197,CTRL,Scenario2,75,75,150,High,10,both,1,1,PTEN_null,-,73205
198,CTRL,Scenario2,75,75,150,High,10,both,1,1,PTEN_null,-,10939
199,CTRL,Scenario2,75,75,150,High,10,both,1,1,PTEN_null,-,84752
200,CTRL,Scenario2,75,75,150,High,10,both,1,1,PTEN_null,-,62700
201,CTRL,Scenario2,75,75,150,High,100,both,1,1,PTEN_null,-,42
202,CTRL,Scenario2,75,75,150,High,100,both,1,1,PTEN_null,-,101
203,CTRL,Scenario2,75,75,150,High,100,both,1,1,PTEN_null,-,2025
204,CTRL,Scenario2,75,75,150,High,100,both,1,1,PTEN_null,-,6789
205,CTRL,Scenario2,75,75,150,High,100,both,1,1,PTEN_null,-,13579
206,CTRL,Scenario2,75,75,150,High,100,both,1,1,PTEN_null,-,24680
207,CTRL,Scenario2,75,75,150,High,100,both,1,1,PTEN_null,-,73205
208,CTRL,Scenario2,75,75,150,High,100,both,1,1,PTEN_null,-,10939
209,CTRL,Scenario2,75,75,150,High,100,both,1,1,PTEN_null,-,84752
210,CTRL,Scenario2,75,75,150,High,100,both,1,1,PTEN_null,-,62700
211,BR,Scenario2,75,75,150,High,0.1,both,0.1,2,PTEN_null,-,42
212,BR,Scenario2,75,75,150,High,0.1,both,0.1,2,PTEN_null,-,101
213,BR,Scenario2,75,75,150,High,0.1,both,0.1,2,PTEN_null,-,2025
214,BR,Scenario2,75,75,150,High,0.1,both,0.1,2,PTEN_null,-,6789
215,BR,Scenario2,75,75,150,High,0.1,both,0.1,2,PTEN_null,-,13579
216,BR,Scenario2,75,75,150,High,0.1,both,0.1,2,PTEN_null,-,24680
217,BR,Scenario2,75,75,150,High,0.1,both,0.1,2,PTEN_null,-,73205
218,BR,Scenario2,75,75,150,High,0.1,both,0.1,2,PTEN_null,-,10939
219,BR,Scenario2,75,75,150,High,0.1,both,0.1,2,PTEN_null,-,84752
220,BR,Scenario2,75,75,150,High,0.1,both,0.1,2,PTEN_null,-,62700
221,BR,Scenario2,75,75,150,High,0.1,both,0.5,1.6,PTEN_null,-,42
222,BR,Scenario2,75,75,150,High,0.1,both,0.5,1.6,PTEN_null,-,101
223,BR,Scenario2,75,75,150,High,0.1,both,0.5,1.6,PTEN_null,-,2025
224,BR,Scenario2,75,75,150,High,0.1,both,0.5,1.6,PTEN_null,-,6789
225,BR,Scenario2,75,75,150,High,0.1,both,0.5,1.6,PTEN_null,-,13579
226,BR,Scenario2,75,75,150,High,0.1,both,0.5,1.6,PTEN_null,-,24680
227,BR,Scenario2,75,75,150,High,0.1,both,0.5,1.6,PTEN_null,-,73205
228,BR,Scenario2,75,75,150,High,0.1,both,0.5,1.6,PTEN_null,-,10939
229,BR,Scenario2,75,75,150,High,0.1,both,0.5,1.6,PTEN_null,-,84752
230,BR,Scenario2,75,75,150,High,0.1,both,0.5,1.6,PTEN_null,-,62700
231,BR,Scenario2,75,75,150,High,0.1,both,3,0.8,PTEN_null,-,42
232,BR,Scenario2,75,75,150,High,0.1,both,3,0.8,PTEN_null,-,101
233,BR,Scenario2,75,75,150,High,0.1,both,3,0.8,PTEN_null,-,2025
234,BR,Scenario2,75,75,150,High,0.1,both,3,0.8,PTEN_null,-,6789
235,BR,Scenario2,75,75,150,High,0.1,both,3,0.8,PTEN_null,-,13579
236,BR,Scenario2,75,75,150,High,0.1,both,3,0.8,PTEN_null,-,24680
237,BR,Scenario2,75,75,150,High,0.1,both,3,0.8,PTEN_null,-,73205
238,BR,Scenario2,75,75,150,High,0.1,both,3,0.8,PTEN_null,-,10939
239,BR,Scenario2,75,75,150,High,0.1,both,3,0.8,PTEN_null,-,84752
240,BR,Scenario2,75,75,150,High,0.1,both,3,0.8,PTEN_null,-,62700
241,BR,Scenario2,75,75,150,High,0.1,both,7,0.7,PTEN_null,-,42
242,BR,Scenario2,75,75,150,High,0.1,both,7,0.7,PTEN_null,-,101
243,BR,Scenario2,75,75,150,High,0.1,both,7,0.7,PTEN_null,-,2025
244,BR,Scenario2,75,75,150,High,0.1,both,7,0.7,PTEN_null,-,6789
245,BR,Scenario2,75,75,150,High,0.1,both,7,0.7,PTEN_null,-,13579
246,BR,Scenario2,75,75,150,High,0.1,both,7,0.7,PTEN_null,-,24680
247,BR,Scenario2,75,75,150,High,0.1,both,7,0.7,PTEN_null,-,73205
248,BR,Scenario2,75,75,150,High,0.1,both,7,0.7,PTEN_null,-,10939
249,BR,Scenario2,75,75,150,High,0.1,both,7,0.7,PTEN_null,-,84752
250,BR,Scenario2,75,75,150,High,0.1,both,7,0.7,PTEN_null,-,62700
251,BR,Scenario2,75,75,150,High,0.1,both,10,0.6,PTEN_null,-,42
252,BR,Scenario2,75,75,150,High,0.1,both,10,0.6,PTEN_null,-,101
253,BR,Scenario2,75,75,150,High,0.1,both,10,0.6,PTEN_null,-,2025
254,BR,Scenario2,75,75,150,High,0.1,both,10,0.6,PTEN_null,-,6789
255,BR,Scenario2,75,75,150,High,0.1,both,10,0.6,PTEN_null,-,13579
256,BR,Scenario2,75,75,150,High,0.1,both,10,0.6,PTEN_null,-,24680
257,BR,Scenario2,75,75,150,High,0.1,both,10,0.6,PTEN_null,-,73205
258,BR,Scenario2,75,75,150,High,0.1,both,10,0.6,PTEN_null,-,10939
259,BR,Scenario2,75,75,150,High,0.1,both,10,0.6,PTEN_null,-,84752
260,BR,Scenario2,75,75,150,High,0.1,both,10,0.6,PTEN_null,-,62700
261,BR,Scenario2,75,75,150,High,1,both,0.1,2,PTEN_null,-,42
262,BR,Scenario2,75,75,150,High,1,both,0.1,2,PTEN_null,-,101
263,BR,Scenario2,75,75,150,High,1,both,0.1,2,PTEN_null,-,2025
264,BR,Scenario2,75,75,150,High,1,both,0.1,2,PTEN_null,-,6789
265,BR,Scenario2,75,75,150,High,1,both,0.1,2,PTEN_null,-,13579
266,BR,Scenario2,75,75,150,High,1,both,0.1,2,PTEN_null,-,24680
267,BR,Scenario2,75,75,150,High,1,both,0.1,2,PTEN_null,-,73205
268,BR,Scenario2,75,75,150,High,1,both,0.1,2,PTEN_null,-,10939
269,BR,Scenario2,75,75,150,High,1,both,0.1,2,PTEN_null,-,84752
270,BR,Scenario2,75,75,150,High,1,both,0.1,2,PTEN_null,-,62700
271,BR,Scenario2,75,75,150,High,1,both,0.5,1.6,PTEN_null,-,42
272,BR,Scenario2,75,75,150,High,1,both,0.5,1.6,PTEN_null,-,101
273,BR,Scenario2,75,75,150,High,1,both,0.5,1.6,PTEN_null,-,2025
274,BR,Scenario2,75,75,150,High,1,both,0.5,1.6,PTEN_null,-,6789
275,BR,Scenario2,75,75,150,High,1,both,0.5,1.6,PTEN_null,-,13579
276,BR,Scenario2,75,75,150,High,1,both,0.5,1.6,PTEN_null,-,24680
277,BR,Scenario2,75,75,150,High,1,both,0.5,1.6,PTEN_null,-,73205
278,BR,Scenario2,75,75,150,High,1,both,0.5,1.6,PTEN_null,-,10939
279,BR,Scenario2,75,75,150,High,1,both,0.5,1.6,PTEN_null,-,84752
280,BR,Scenario2,75,75,150,High,1,both,0.5,1.6,PTEN_null,-,62700
281,BR,Scenario2,75,75,150,High,1,both,3,0.8,PTEN_null,-,42
282,BR,Scenario2,75,75,150,High,1,both,3,0.8,PTEN_null,-,101
283,BR,Scenario2,75,75,150,High,1,both,3,0.8,PTEN_null,-,2025
284,BR,Scenario2,75,75,150,High,1,both,3,0.8,PTEN_null,-,6789
285,BR,Scenario2,75,75,150,High,1,both,3,0.8,PTEN_null,-,13579
286,BR,Scenario2,75,75,150,High,1,both,3,0.8,PTEN_null,-,24680
287,BR,Scenario2,75,75,150,High,1,both,3,0.8,PTEN_null,-,73205
288,BR,Scenario2,75,75,150,High,1,both,3,0.8,PTEN_null,-,10939
289,BR,Scenario2,75,75,150,High,1,both,3,0.8,PTEN_null,-,84752
290,BR,Scenario2,75,75,150,High,1,both,3,0.8,PTEN_null,-,62700
291,BR,Scenario2,75,75,150,High,1,both,7,0.7,PTEN_null,-,42
292,BR,Scenario2,75,75,150,High,1,both,7,0.7,PTEN_null,-,101
293,BR,Scenario2,75,75,150,High,1,both,7,0.7,PTEN_null,-,2025
294,BR,Scenario2,75,75,150,High,1,both,7,0.7,PTEN_null,-,6789
295,BR,Scenario2,75,75,150,High,1,both,7,0.7,PTEN_null,-,13579
296,BR,Scenario2,75,75,150,High,1,both,7,0.7,PTEN_null,-,24680
297,BR,Scenario2,75,75,150,High,1,both,7,0.7,PTEN_null,-,73205
298,BR,Scenario2,75,75,150,High,1,both,7,0.7,PTEN_null,-,10939
299,BR,Scenario2,75,75,150,High,1,both,7,0.7,PTEN_null,-,84752
300,BR,Scenario2,75,75,150,High,1,both,7,0.7,PTEN_null,-,62700
301,BR,Scenario2,75,75,150,High,1,both,10,0.6,PTEN_null,-,42
302,BR,Scenario2,75,75,150,High,1,both,10,0.6,PTEN_null,-,101
303,BR,Scenario2,75,75,150,High,1,both,10,0.6,PTEN_null,-,2025
304,BR,Scenario2,75,75,150,High,1,both,10,0.6,PTEN_null,-,6789
305,BR,Scenario2,75,75,150,High,1,both,10,0.6,PTEN_null,-,13579
306,BR,Scenario2,75,75,150,High,1,both,10,0.6,PTEN_null,-,24680
307,BR,Scenario2,75,75,150,High,1,both,10,0.6,PTEN_null,-,73205
308,BR,Scenario2,75,75,150,High,1,both,10,0.6,PTEN_null,-,10939
309,BR,Scenario2,75,75,150,High,1,both,10,0.6,PTEN_null,-,84752
310,BR,Scenario2,75,75,150,High,1,both,10,0.6,PTEN_null,-,62700
311,BR,Scenario2,75,75,150,High,100,both,0.1,2,PTEN_null,-,42
312,BR,Scenario2,75,75,150,High,100,both,0.1,2,PTEN_null,-,101
313,BR,Scenario2,75,75,150,High,100,both,0.1,2,PTEN_null,-,2025
314,BR,Scenario2,75,75,150,High,100,both,0.1,2,PTEN_null,-,6789
315,BR,Scenario2,75,75,150,High,100,both,0.1,2,PTEN_null,-,13579
316,BR,Scenario2,75,75,150,High,100,both,0.1,2,PTEN_null,-,24680
317,BR,Scenario2,75,75,150,High,100,both,0.1,2,PTEN_null,-,73205
318,BR,Scenario2,75,75,150,High,100,both,0.1,2,PTEN_null,-,10939
319,BR,Scenario2,75,75,150,High,100,both,0.1,2,PTEN_null,-,84752
320,BR,Scenario2,75,75,150,High,100,both,0.1,2,PTEN_null,-,62700
321,BR,Scenario2,75,75,150,High,100,both,0.5,1.6,PTEN_null,-,42
322,BR,Scenario2,75,75,150,High,100,both,0.5,1.6,PTEN_null,-,101
323,BR,Scenario2,75,75,150,High,100,both,0.5,1.6,PTEN_null,-,2025
324,BR,Scenario2,75,75,150,High,100,both,0.5,1.6,PTEN_null,-,6789
325,BR,Scenario2,75,75,150,High,100,both,0.5,1.6,PTEN_null,-,13579
326,BR,Scenario2,75,75,150,High,100,both,0.5,1.6,PTEN_null,-,24680
327,BR,Scenario2,75,75,150,High,100,both,0.5,1.6,PTEN_null,-,73205
328,BR,Scenario2,75,75,150,High,100,both,0.5,1.6,PTEN_null,-,10939
329,BR,Scenario2,75,75,150,High,100,both,0.5,1.6,PTEN_null,-,84752
330,BR,Scenario2,75,75,150,High,100,both,0.5,1.6,PTEN_null,-,62700
331,BR,Scenario2,75,75,150,High,100,both,3,0.8,PTEN_null,-,42
332,BR,Scenario2,75,75,150,High,100,both,3,0.8,PTEN_null,-,101
333,BR,Scenario2,75,75,150,High,100,both,3,0.8,PTEN_null,-,2025
334,BR,Scenario2,75,75,150,High,100,both,3,0.8,PTEN_null,-,6789
335,BR,Scenario2,75,75,150,High,100,both,3,0.8,PTEN_null,-,13579
336,BR,Scenario2,75,75,150,High,100,both,3,0.8,PTEN_null,-,24680
337,BR,Scenario2,75,75,150,High,100,both,3,0.8,PTEN_null,-,73205
338,BR,Scenario2,75,75,150,High,100,both,3,0.8,PTEN_null,-,10939
339,BR,Scenario2,75,75,150,High,100,both,3,0.8,PTEN_null,-,84752
340,BR,Scenario2,75,75,150,High,100,both,3,0.8,PTEN_null,-,62700
341,BR,Scenario2,75,75,150,High,100,both,7,0.7,PTEN_null,-,42
342,BR,Scenario2,75,75,150,High,100,both,7,0.7,PTEN_null,-,101
343,BR,Scenario2,75,75,150,High,100,both,7,0.7,PTEN_null,-,2025
344,BR,Scenario2,75,75,150,High,100,both,7,0.7,PTEN_null,-,6789
345,BR,Scenario2,75,75,150,High,100,both,7,0.7,PTEN_null,-,13579
346,BR,Scenario2,75,75,150,High,100,both,7,0.7,PTEN_null,-,24680
347,BR,Scenario2,75,75,150,High,100,both,7,0.7,PTEN_null,-,73205
348,BR,Scenario2,75,75,150,High,100,both,7,0.7,PTEN_null,-,10939
349,BR,Scenario2,75,75,150,High,100,both,7,0.7,PTEN_null,-,84752
350,BR,Scenario2,75,75,150,High,100,both,7,0.7,PTEN_null,-,62700
351,BR,Scenario2,75,75,150,High,100,both,10,0.6,PTEN_null,-,42
352,BR,Scenario2,75,75,150,High,100,both,10,0.6,PTEN_null,-,101
353,BR,Scenario2,75,75,150,High,100,both,10,0.6,PTEN_null,-,2025
354,BR,Scenario2,75,75,150,High,100,both,10,0.6,PTEN_null,-,6789
355,BR,Scenario2,75,75,150,High,100,both,10,0.6,PTEN_null,-,13579
356,BR,Scenario2,75,75,150,High,100,both,10,0.6,PTEN_null,-,24680
357,BR,Scenario2,75,75,150,High,100,both,10,0.6,PTEN_null,-,73205
358,BR,Scenario2,75,75,150,High,100,both,10,0.6,PTEN_null,-,10939
359,BR,Scenario2,75,75,150,High,100,both,10,0.6,PTEN_null,-,84752
360,BR,Scenario2,75,75,150,High,100,both,10,0.6,PTEN_null,-,62700
361,TR,Scenario2,75,75,150,High,0.1,both,0.1,2,PTEN_null,-,42
362,TR,Scenario2,75,75,150,High,0.1,both,0.1,2,PTEN_null,-,101
363,TR,Scenario2,75,75,150,High,0.1,both,0.1,2,PTEN_null,-,2025
364,TR,Scenario2,75,75,150,High,0.1,both,0.1,2,PTEN_null,-,6789
365,TR,Scenario2,75,75,150,High,0.1,both,0.1,2,PTEN_null,-,13579
366,TR,Scenario2,75,75,150,High,0.1,both,0.1,2,PTEN_null,-,24680
367,TR,Scenario2,75,75,150,High,0.1,both,0.1,2,PTEN_null,-,73205
368,TR,Scenario2,75,75,150,High,0.1,both,0.1,2,PTEN_null,-,10939
369,TR,Scenario2,75,75,150,High,0.1,both,0.1,2,PTEN_null,-,84752
370,TR,Scenario2,75,75,150,High,0.1,both,0.1,2,PTEN_null,-,62700
371,TR,Scenario2,75,75,150,High,0.1,both,0.5,1.6,PTEN_null,-,42
372,TR,Scenario2,75,75,150,High,0.1,both,0.5,1.6,PTEN_null,-,101
373,TR,Scenario2,75,75,150,High,0.1,both,0.5,1.6,PTEN_null,-,2025
374,TR,Scenario2,75,75,150,High,0.1,both,0.5,1.6,PTEN_null,-,6789
375,TR,Scenario2,75,75,150,High,0.1,both,0.5,1.6,PTEN_null,-,13579
376,TR,Scenario2,75,75,150,High,0.1,both,0.5,1.6,PTEN_null,-,24680
377,TR,Scenario2,75,75,150,High,0.1,both,0.5,1.6,PTEN_null,-,73205
378,TR,Scenario2,75,75,150,High,0.1,both,0.5,1.6,PTEN_null,-,10939
379,TR,Scenario2,75,75,150,High,0.1,both,0.5,1.6,PTEN_null,-,84752
380,TR,Scenario2,75,75,150,High,0.1,both,0.5,1.6,PTEN_null,-,62700
381,TR,Scenario2,75,75,150,High,0.1,both,3,0.8,PTEN_null,-,42
382,TR,Scenario2,75,75,150,High,0.1,both,3,0.8,PTEN_null,-,101
383,TR,Scenario2,75,75,150,High,0.1,both,3,0.8,PTEN_null,-,2025
384,TR,Scenario2,75,75,150,High,0.1,both,3,0.8,PTEN_null,-,6789
385,TR,Scenario2,75,75,150,High,0.1,both,3,0.8,PTEN_null,-,13579
386,TR,Scenario2,75,75,150,High,0.1,both,3,0.8,PTEN_null,-,24680
387,TR,Scenario2,75,75,150,High,0.1,both,3,0.8,PTEN_null,-,73205
388,TR,Scenario2,75,75,150,High,0.1,both,3,0.8,PTEN_null,-,10939
389,TR,Scenario2,75,75,150,High,0.1,both,3,0.8,PTEN_null,-,84752
390,TR,Scenario2,75,75,150,High,0.1,both,3,0.8,PTEN_null,-,62700
391,TR,Scenario2,75,75,150,High,0.1,both,7,0.7,PTEN_null,-,42
392,TR,Scenario2,75,75,150,High,0.1,both,7,0.7,PTEN_null,-,101
393,TR,Scenario2,75,75,150,High,0.1,both,7,0.7,PTEN_null,-,2025
394,TR,Scenario2,75,75,150,High,0.1,both,7,0.7,PTEN_null,-,6789
395,TR,Scenario2,75,75,150,High,0.1,both,7,0.7,PTEN_null,-,13579
396,TR,Scenario2,75,75,150,High,0.1,both,7,0.7,PTEN_null,-,24680
397,TR,Scenario2,75,75,150,High,0.1,both,7,0.7,PTEN_null,-,73205
398,TR,Scenario2,75,75,150,High,0.1,both,7,0.7,PTEN_null,-,10939
399,TR,Scenario2,75,75,150,High,0.1,both,7,0.7,PTEN_null,-,84752
400,TR,Scenario2,75,75,150,High,0.1,both,7,0.7,PTEN_null,-,62700
401,TR,Scenario2,75,75,150,High,0.1,both,10,0.6,PTEN_null,-,42
402,TR,Scenario2,75,75,150,High,0.1,both,10,0.6,PTEN_null,-,101
403,TR,Scenario2,75,75,150,High,0.1,both,10,0.6,PTEN_null,-,2025
404,TR,Scenario2,75,75,150,High,0.1,both,10,0.6,PTEN_null,-,6789
405,TR,Scenario2,75,75,150,High,0.1,both,10,0.6,PTEN_null,-,13579
406,TR,Scenario2,75,75,150,High,0.1,both,10,0.6,PTEN_null,-,24680
407,TR,Scenario2,75,75,150,High,0.1,both,10,0.6,PTEN_null,-,73205
408,TR,Scenario2,75,75,150,High,0.1,both,10,0.6,PTEN_null,-,10939
409,TR,Scenario2,75,75,150,High,0.1,both,10,0.6,PTEN_null,-,84752
410,TR,Scenario2,75,75,150,High,0.1,both,10,0.6,PTEN_null,-,62700
411,TR,Scenario2,75,75,150,High,1,both,0.1,2,PTEN_null,-,42
412,TR,Scenario2,75,75,150,High,1,both,0.1,2,PTEN_null,-,101
413,TR,Scenario2,75,75,150,High,1,both,0.1,2,PTEN_null,-,2025
414,TR,Scenario2,75,75,150,High,1,both,0.1,2,PTEN_null,-,6789
415,TR,Scenario2,75,75,150,High,1,both,0.1,2,PTEN_null,-,13579
416,TR,Scenario2,75,75,150,High,1,both,0.1,2,PTEN_null,-,24680
417,TR,Scenario2,75,75,150,High,1,both,0.1,2,PTEN_null,-,73205
418,TR,Scenario2,75,75,150,High,1,both,0.1,2,PTEN_null,-,10939
419,TR,Scenario2,75,75,150,High,1,both,0.1,2,PTEN_null,-,84752
420,TR,Scenario2,75,75,150,High,1,both,0.1,2,PTEN_null,-,62700
421,TR,Scenario2,75,75,150,High,1,both,0.5,1.6,PTEN_null,-,42
422,TR,Scenario2,75,75,150,High,1,both,0.5,1.6,PTEN_null,-,101
423,TR,Scenario2,75,75,150,High,1,both,0.5,1.6,PTEN_null,-,2025
424,TR,Scenario2,75,75,150,High,1,both,0.5,1.6,PTEN_null,-,6789
425,TR,Scenario2,75,75,150,High,1,both,0.5,1.6,PTEN_null,-,13579
426,TR,Scenario2,75,75,150,High,1,both,0.5,1.6,PTEN_null,-,24680
427,TR,Scenario2,75,75,150,High,1,both,0.5,1.6,PTEN_null,-,73205
428,TR,Scenario2,75,75,150,High,1,both,0.5,1.6,PTEN_null,-,10939
429,TR,Scenario2,75,75,150,High,1,both,0.5,1.6,PTEN_null,-,84752
430,TR,Scenario2,75,75,150,High,1,both,0.5,1.6,PTEN_null,-,62700
431,TR,Scenario2,75,75,150,High,1,both,3,0.8,PTEN_null,-,42
432,TR,Scenario2,75,75,150,High,1,both,3,0.8,PTEN_null,-,101
433,TR,Scenario2,75,75,150,High,1,both,3,0.8,PTEN_null,-,2025
434,TR,Scenario2,75,75,150,High,1,both,3,0.8,PTEN_null,-,6789
435,TR,Scenario2,75,75,150,High,1,both,3,0.8,PTEN_null,-,13579
436,TR,Scenario2,75,75,150,High,1,both,3,0.8,PTEN_null,-,24680
437,TR,Scenario2,75,75,150,High,1,both,3,0.8,PTEN_null,-,73205
438,TR,Scenario2,75,75,150,High,1,both,3,0.8,PTEN_null,-,10939
439,TR,Scenario2,75,75,150,High,1,both,3,0.8,PTEN_null,-,84752
440,TR,Scenario2,75,75,150,High,1,both,3,0.8,PTEN_null,-,62700
441,TR,Scenario2,75,75,150,High,1,both,7,0.7,PTEN_null,-,42
442,TR,Scenario2,75,75,150,High,1,both,7,0.7,PTEN_null,-,101
443,TR,Scenario2,75,75,150,High,1,both,7,0.7,PTEN_null,-,2025
444,TR,Scenario2,75,75,150,High,1,both,7,0.7,PTEN_null,-,6789
445,TR,Scenario2,75,75,150,High,1,both,7,0.7,PTEN_null,-,13579
446,TR,Scenario2,75,75,150,High,1,both,7,0.7,PTEN_null,-,24680
447,TR,Scenario2,75,75,150,High,1,both,7,0.7,PTEN_null,-,73205
448,TR,Scenario2,75,75,150,High,1,both,7,0.7,PTEN_null,-,10939
449,TR,Scenario2,75,75,150,High,1,both,7,0.7,PTEN_null,-,84752
450,TR,Scenario2,75,75,150,High,1,both,7,0.7,PTEN_null,-,62700
451,TR,Scenario2,75,75,150,High,1,both,10,0.6,PTEN_null,-,42
452,TR,Scenario2,75,75,150,High,1,both,10,0.6,PTEN_null,-,101
453,TR,Scenario2,75,75,150,High,1,both,10,0.6,PTEN_null,-,2025
454,TR,Scenario2,75,75,150,High,1,both,10,0.6,PTEN_null,-,6789
455,TR,Scenario2,75,75,150,High,1,both,10,0.6,PTEN_null,-,13579
456,TR,Scenario2,75,75,150,High,1,both,10,0.6,PTEN_null,-,24680
457,TR,Scenario2,75,75,150,High,1,both,10,0.6,PTEN_null,-,73205
458,TR,Scenario2,75,75,150,High,1,both,10,0.6,PTEN_null,-,10939
459,TR,Scenario2,75,75,150,High,1,both,10,0.6,PTEN_null,-,84752
460,TR,Scenario2,75,75,150,High,1,both,10,0.6,PTEN_null,-,62700
461,TR,Scenario2,75,75,150,High,100,both,0.1,2,PTEN_null,-,42
462,TR,Scenario2,75,75,150,High,100,both,0.1,2,PTEN_null,-,101
463,TR,Scenario2,75,75,150,High,100,both,0.1,2,PTEN_null,-,2025
464,TR,Scenario2,75,75,150,High,100,both,0.1,2,PTEN_null,-,6789
465,TR,Scenario2,75,75,150,High,100,both,0.1,2,PTEN_null,-,13579
466,TR,Scenario2,75,75,150,High,100,both,0.1,2,PTEN_null,-,24680
467,TR,Scenario2,75,75,150,High,100,both,0.1,2,PTEN_null,-,73205
468,TR,Scenario2,75,75,150,High,100,both,0.1,2,PTEN_null,-,10939
469,TR,Scenario2,75,75,150,High,100,both,0.1,2,PTEN_null,-,84752
470,TR,Scenario2,75,75,150,High,100,both,0.1,2,PTEN_null,-,62700
471,TR,Scenario2,75,75,150,High,100,both,0.5,1.6,PTEN_null,-,42
472,TR,Scenario2,75,75,150,High,100,both,0.5,1.6,PTEN_null,-,101
473,TR,Scenario2,75,75,150,High,100,both,0.5,1.6,PTEN_null,-,2025
474,TR,Scenario2,75,75,150,High,100,both,0.5,1.6,PTEN_null,-,6789
475,TR,Scenario2,75,75,150,High,100,both,0.5,1.6,PTEN_null,-,13579
476,TR,Scenario2,75,75,150,High,100,both,0.5,1.6,PTEN_null,-,24680
477,TR,Scenario2,75,75,150,High,100,both,0.5,1.6,PTEN_null,-,73205
478,TR,Scenario2,75,75,150,High,100,both,0.5,1.6,PTEN_null,-,10939
479,TR,Scenario2,75,75,150,High,100,both,0.5,1.6,PTEN_null,-,84752
480,TR,Scenario2,75,75,150,High,100,both,0.5,1.6,PTEN_null,-,62700
481,TR,Scenario2,75,75,150,High,100,both,3,0.8,PTEN_null,-,42
482,TR,Scenario2,75,75,150,High,100,both,3,0.8,PTEN_null,-,101
483,TR,Scenario2,75,75,150,High,100,both,3,0.8,PTEN_null,-,2025
484,TR,Scenario2,75,75,150,High,100,both,3,0.8,PTEN_null,-,6789
485,TR,Scenario2,75,75,150,High,100,both,3,0.8,PTEN_null,-,13579
486,TR,Scenario2,75,75,150,High,100,both,3,0.8,PTEN_null,-,24680
487,TR,Scenario2,75,75,150,High,100,both,3,0.8,PTEN_null,-,73205
488,TR,Scenario2,75,75,150,High,100,both,3,0.8,PTEN_null,-,10939
489,TR,Scenario2,75,75,150,High,100,both,3,0.8,PTEN_null,-,84752
490,TR,Scenario2,75,75,150,High,100,both,3,0.8,PTEN_null,-,62700
491,TR,Scenario2,75,75,150,High,100,both,7,0.7,PTEN_null,-,42
492,TR,Scenario2,75,75,150,High,100,both,7,0.7,PTEN_null,-,101
493,TR,Scenario2,75,75,150,High,100,both,7,0.7,PTEN_null,-,2025
494,TR,Scenario2,75,75,150,High,100,both,7,0.7,PTEN_null,-,6789
495,TR,Scenario2,75,75,150,High,100,both,7,0.7,PTEN_null,-,13579
496,TR,Scenario2,75,75,150,High,100,both,7,0.7,PTEN_null,-,24680
497,TR,Scenario2,75,75,150,High,100,both,7,0.7,PTEN_null,-,73205
498,TR,Scenario2,75,75,150,High,100,both,7,0.7,PTEN_null,-,10939
499,TR,Scenario2,75,75,150,High,100,both,7,0.7,PTEN_null,-,84752
500,TR,Scenario2,75,75,150,High,100,both,7,0.7,PTEN_null,-,62700
501,TR,Scenario2,75,75,150,High,100,both,10,0.6,PTEN_null,-,42
502,TR,Scenario2,75,75,150,High,100,both,10,0.6,PTEN_null,-,101
503,TR,Scenario2,75,75,150,High,100,both,10,0.6,PTEN_null,-,2025
504,TR,Scenario2,75,75,150,High,100,both,10,0.6,PTEN_null,-,6789
505,TR,Scenario2,75,75,150,High,100,both,10,0.6,PTEN_null,-,13579
506,TR,Scenario2,75,75,150,High,100,both,10,0.6,PTEN_null,-,24680
507,TR,Scenario2,75,75,150,High,100,both,10,0.6,PTEN_null,-,73205
508,TR,Scenario2,75,75,150,High,100,both,10,0.6,PTEN_null,-,10939
509,TR,Scenario2,75,75,150,High,100,both,10,0.6,PTEN_null,-,84752
510,TR,Scenario2,75,75,150,High,100,both,10,0.6,PTEN_null,-,62700
511,CTRL,Scenario2,75,75,150,High,0.1,both,0.1,2,PTEN_null,-,42
512,CTRL,Scenario2,75,75,150,High,0.1,both,0.1,2,PTEN_null,-,101
513,CTRL,Scenario2,75,75,150,High,0.1,both,0.1,2,PTEN_null,-,2025
514,CTRL,Scenario2,75,75,150,High,0.1,both,0.1,2,PTEN_null,-,6789
515,CTRL,Scenario2,75,75,150,High,0.1,both,0.1,2,PTEN_null,-,13579
516,CTRL,Scenario2,75,75,150,High,0.1,both,0.1,2,PTEN_null,-,24680
517,CTRL,Scenario2,75,75,150,High,0.1,both,0.1,2,PTEN_null,-,73205
518,CTRL,Scenario2,75,75,150,High,0.1,both,0.1,2,PTEN_null,-,10939
519,CTRL,Scenario2,75,75,150,High,0.1,both,0.1,2,PTEN_null,-,84752
520,CTRL,Scenario2,75,75,150,High,0.1,both,0.1,2,PTEN_null,-,62700
521,CTRL,Scenario2,75,75,150,High,0.1,both,0.5,1.6,PTEN_null,-,42
522,CTRL,Scenario2,75,75,150,High,0.1,both,0.5,1.6,PTEN_null,-,101
523,CTRL,Scenario2,75,75,150,High,0.1,both,0.5,1.6,PTEN_null,-,2025
524,CTRL,Scenario2,75,75,150,High,0.1,both,0.5,1.6,PTEN_null,-,6789
525,CTRL,Scenario2,75,75,150,High,0.1,both,0.5,1.6,PTEN_null,-,13579
526,CTRL,Scenario2,75,75,150,High,0.1,both,0.5,1.6,PTEN_null,-,24680
527,CTRL,Scenario2,75,75,150,High,0.1,both,0.5,1.6,PTEN_null,-,73205
528,CTRL,Scenario2,75,75,150,High,0.1,both,0.5,1.6,PTEN_null,-,10939
529,CTRL,Scenario2,75,75,150,High,0.1,both,0.5,1.6,PTEN_null,-,84752
530,CTRL,Scenario2,75,75,150,High,0.1,both,0.5,1.6,PTEN_null,-,62700
531,CTRL,Scenario2,75,75,150,High,0.1,both,3,0.8,PTEN_null,-,42
532,CTRL,Scenario2,75,75,150,High,0.1,both,3,0.8,PTEN_null,-,101
533,CTRL,Scenario2,75,75,150,High,0.1,both,3,0.8,PTEN_null,-,2025
534,CTRL,Scenario2,75,75,150,High,0.1,both,3,0.8,PTEN_null,-,6789
535,CTRL,Scenario2,75,75,150,High,0.1,both,3,0.8,PTEN_null,-,13579
536,CTRL,Scenario2,75,75,150,High,0.1,both,3,0.8,PTEN_null,-,24680
537,CTRL,Scenario2,75,75,150,High,0.1,both,3,0.8,PTEN_null,-,73205
538,CTRL,Scenario2,75,75,150,High,0.1,both,3,0.8,PTEN_null,-,10939
539,CTRL,Scenario2,75,75,150,High,0.1,both,3,0.8,PTEN_null,-,84752
540,CTRL,Scenario2,75,75,150,High,0.1,both,3,0.8,PTEN_null,-,62700
541,CTRL,Scenario2,75,75,150,High,0.1,both,7,0.7,PTEN_null,-,42
542,CTRL,Scenario2,75,75,150,High,0.1,both,7,0.7,PTEN_null,-,101
543,CTRL,Scenario2,75,75,150,High,0.1,both,7,0.7,PTEN_null,-,2025
544,CTRL,Scenario2,75,75,150,High,0.1,both,7,0.7,PTEN_null,-,6789
545,CTRL,Scenario2,75,75,150,High,0.1,both,7,0.7,PTEN_null,-,13579
546,CTRL,Scenario2,75,75,150,High,0.1,both,7,0.7,PTEN_null,-,24680
547,CTRL,Scenario2,75,75,150,High,0.1,both,7,0.7,PTEN_null,-,73205
548,CTRL,Scenario2,75,75,150,High,0.1,both,7,0.7,PTEN_null,-,10939
549,CTRL,Scenario2,75,75,150,High,0.1,both,7,0.7,PTEN_null,-,84752
550,CTRL,Scenario2,75,75,150,High,0.1,both,7,0.7,PTEN_null,-,62700
551,CTRL,Scenario2,75,75,150,High,0.1,both,10,0.6,PTEN_null,-,42
552,CTRL,Scenario2,75,75,150,High,0.1,both,10,0.6,PTEN_null,-,101
553,CTRL,Scenario2,75,75,150,High,0.1,both,10,0.6,PTEN_null,-,2025
554,CTRL,Scenario2,75,75,150,High,0.1,both,10,0.6,PTEN_null,-,6789
555,CTRL,Scenario2,75,75,150,High,0.1,both,10,0.6,PTEN_null,-,13579
556,CTRL,Scenario2,75,75,150,High,0.1,both,10,0.6,PTEN_null,-,24680
557,CTRL,Scenario2,75,75,150,High,0.1,both,10,0.6,PTEN_null,-,73205
558,CTRL,Scenario2,75,75,150,High,0.1,both,10,0.6,PTEN_null,-,10939
559,CTRL,Scenario2,75,75,150,High,0.1,both,10,0.6,PTEN_null,-,84752
560,CTRL,Scenario2,75,75,150,High,0.1,both,10,0.6,PTEN_null,-,62700
561,CTRL,Scenario2,75,75,150,High,1,both,0.1,2,PTEN_null,-,42
562,CTRL,Scenario2,75,75,150,High,1,both,0.1,2,PTEN_null,-,101
563,CTRL,Scenario2,75,75,150,High,1,both,0.1,2,PTEN_null,-,2025
564,CTRL,Scenario2,75,75,150,High,1,both,0.1,2,PTEN_null,-,6789
565,CTRL,Scenario2,75,75,150,High,1,both,0.1,2,PTEN_null,-,13579
566,CTRL,Scenario2,75,75,150,High,1,both,0.1,2,PTEN_null,-,24680
567,CTRL,Scenario2,75,75,150,High,1,both,0.1,2,PTEN_null,-,73205
568,CTRL,Scenario2,75,75,150,High,1,both,0.1,2,PTEN_null,-,10939
569,CTRL,Scenario2,75,75,150,High,1,both,0.1,2,PTEN_null,-,84752
570,CTRL,Scenario2,75,75,150,High,1,both,0.1,2,PTEN_null,-,62700
571,CTRL,Scenario2,75,75,150,High,1,both,0.5,1.6,PTEN_null,-,42
572,CTRL,Scenario2,75,75,150,High,1,both,0.5,1.6,PTEN_null,-,101
573,CTRL,Scenario2,75,75,150,High,1,both,0.5,1.6,PTEN_null,-,2025
574,CTRL,Scenario2,75,75,150,High,1,both,0.5,1.6,PTEN_null,-,6789
575,CTRL,Scenario2,75,75,150,High,1,both,0.5,1.6,PTEN_null,-,13579
576,CTRL,Scenario2,75,75,150,High,1,both,0.5,1.6,PTEN_null,-,24680
577,CTRL,Scenario2,75,75,150,High,1,both,0.5,1.6,PTEN_null,-,73205
578,CTRL,Scenario2,75,75,150,High,1,both,0.5,1.6,PTEN_null,-,10939
579,CTRL,Scenario2,75,75,150,High,1,both,0.5,1.6,PTEN_null,-,84752
580,CTRL,Scenario2,75,75,150,High,1,both,0.5,1.6,PTEN_null,-,62700
581,CTRL,Scenario2,75,75,150,High,1,both,3,0.8,PTEN_null,-,42
582,CTRL,Scenario2,75,75,150,High,1,both,3,0.8,PTEN_null,-,101
583,CTRL,Scenario2,75,75,150,High,1,both,3,0.8,PTEN_null,-,2025
584,CTRL,Scenario2,75,75,150,High,1,both,3,0.8,PTEN_null,-,6789
585,CTRL,Scenario2,75,75,150,High,1,both,3,0.8,PTEN_null,-,13579
586,CTRL,Scenario2,75,75,150,High,1,both,3,0.8,PTEN_null,-,24680
587,CTRL,Scenario2,75,75,150,High,1,both,3,0.8,PTEN_null,-,73205
588,CTRL,Scenario2,75,75,150,High,1,both,3,0.8,PTEN_null,-,10939
589,CTRL,Scenario2,75,75,150,High,1,both,3,0.8,PTEN_null,-,84752
590,CTRL,Scenario2,75,75,150,High,1,both,3,0.8,PTEN_null,-,62700
591,CTRL,Scenario2,75,75,150,High,1,both,7,0.7,PTEN_null,-,42
592,CTRL,Scenario2,75,75,150,High,1,both,7,0.7,PTEN_null,-,101
593,CTRL,Scenario2,75,75,150,High,1,both,7,0.7,PTEN_null,-,2025
594,CTRL,Scenario2,75,75,150,High,1,both,7,0.7,PTEN_null,-,6789
595,CTRL,Scenario2,75,75,150,High,1,both,7,0.7,PTEN_null,-,13579
596,CTRL,Scenario2,75,75,150,High,1,both,7,0.7,PTEN_null,-,24680
597,CTRL,Scenario2,75,75,150,High,1,both,7,0.7,PTEN_null,-,73205
598,CTRL,Scenario2,75,75,150,High,1,both,7,0.7,PTEN_null,-,10939
599,CTRL,Scenario2,75,75,150,High,1,both,7,0.7,PTEN_null,-,84752
600,CTRL,Scenario2,75,75,150,High,1,both,7,0.7,PTEN_null,-,62700
601,CTRL,Scenario2,75,75,150,High,1,both,10,0.6,PTEN_null,-,42
602,CTRL,Scenario2,75,75,150,High,1,both,10,0.6,PTEN_null,-,101
603,CTRL,Scenario2,75,75,150,High,1,both,10,0.6,PTEN_null,-,2025
604,CTRL,Scenario2,75,75,150,High,1,both,10,0.6,PTEN_null,-,6789
605,CTRL,Scenario2,75,75,150,High,1,both,10,0.6,PTEN_null,-,13579
606,CTRL,Scenario2,75,75,150,High,1,both,10,0.6,PTEN_null,-,24680
607,CTRL,Scenario2,75,75,150,High,1,both,10,0.6,PTEN_null,-,73205
608,CTRL,Scenario2,75,75,150,High,1,both,10,0.6,PTEN_null,-,10939
609,CTRL,Scenario2,75,75,150,High,1,both,10,0.6,PTEN_null,-,84752
610,CTRL,Scenario2,75,75,150,High,1,both,10,0.6,PTEN_null,-,62700
611,CTRL,Scenario2,75,75,150,High,100,both,0.1,2,PTEN_null,-,42
612,CTRL,Scenario2,75,75,150,High,100,both,0.1,2,PTEN_null,-,101
613,CTRL,Scenario2,75,75,150,High,100,both,0.1,2,PTEN_null,-,2025
614,CTRL,Scenario2,75,75,150,High,100,both,0.1,2,PTEN_null,-,6789
615,CTRL,Scenario2,75,75,150,High,100,both,0.1,2,PTEN_null,-,13579
616,CTRL,Scenario2,75,75,150,High,100,both,0.1,2,PTEN_null,-,24680
617,CTRL,Scenario2,75,75,150,High,100,both,0.1,2,PTEN_null,-,73205
618,CTRL,Scenario2,75,75,150,High,100,both,0.1,2,PTEN_null,-,10939
619,CTRL,Scenario2,75,75,150,High,100,both,0.1,2,PTEN_null,-,84752
620,CTRL,Scenario2,75,75,150,High,100,both,0.1,2,PTEN_null,-,62700
621,CTRL,Scenario2,75,75,150,High,100,both,0.5,1.6,PTEN_null,-,42
622,CTRL,Scenario2,75,75,150,High,100,both,0.5,1.6,PTEN_null,-,101
623,CTRL,Scenario2,75,75,150,High,100,both,0.5,1.6,PTEN_null,-,2025
624,CTRL,Scenario2,75,75,150,High,100,both,0.5,1.6,PTEN_null,-,6789
625,CTRL,Scenario2,75,75,150,High,100,both,0.5,1.6,PTEN_null,-,13579
626,CTRL,Scenario2,75,75,150,High,100,both,0.5,1.6,PTEN_null,-,24680
627,CTRL,Scenario2,75,75,150,High,100,both,0.5,1.6,PTEN_null,-,73205
628,CTRL,Scenario2,75,75,150,High,100,both,0.5,1.6,PTEN_null,-,10939
629,CTRL,Scenario2,75,75,150,High,100,both,0.5,1.6,PTEN_null,-,84752
630,CTRL,Scenario2,75,75,150,High,100,both,0.5,1.6,PTEN_null,-,62700
631,CTRL,Scenario2,75,75,150,High,100,both,3,0.8,PTEN_null,-,42
632,CTRL,Scenario2,75,75,150,High,100,both,3,0.8,PTEN_null,-,101
633,CTRL,Scenario2,75,75,150,High,100,both,3,0.8,PTEN_null,-,2025
634,CTRL,Scenario2,75,75,150,High,100,both,3,0.8,PTEN_null,-,6789
635,CTRL,Scenario2,75,75,150,High,100,both,3,0.8,PTEN_null,-,13579
636,CTRL,Scenario2,75,75,150,High,100,both,3,0.8,PTEN_null,-,24680
637,CTRL,Scenario2,75,75,150,High,100,both,3,0.8,PTEN_null,-,73205
638,CTRL,Scenario2,75,75,150,High,100,both,3,0.8,PTEN_null,-,10939
639,CTRL,Scenario2,75,75,150,High,100,both,3,0.8,PTEN_null,-,84752
640,CTRL,Scenario2,75,75,150,High,100,both,3,0.8,PTEN_null,-,62700
641,CTRL,Scenario2,75,75,150,High,100,both,7,0.7,PTEN_null,-,42
642,CTRL,Scenario2,75,75,150,High,100,both,7,0.7,PTEN_null,-,101
643,CTRL,Scenario2,75,75,150,High,100,both,7,0.7,PTEN_null,-,2025
644,CTRL,Scenario2,75,75,150,High,100,both,7,0.7,PTEN_null,-,6789
645,CTRL,Scenario2,75,75,150,High,100,both,7,0.7,PTEN_null,-,13579
646,CTRL,Scenario2,75,75,150,High,100,both,7,0.7,PTEN_null,-,24680
647,CTRL,Scenario2,75,75,150,High,100,both,7,0.7,PTEN_null,-,73205
648,CTRL,Scenario2,75,75,150,High,100,both,7,0.7,PTEN_null,-,10939
649,CTRL,Scenario2,75,75,150,High,100,both,7,0.7,PTEN_null,-,84752
650,CTRL,Scenario2,75,75,150,High,100,both,7,0.7,PTEN_null,-,62700
651,CTRL,Scenario2,75,75,150,High,100,both,10,0.6,PTEN_null,-,42
652,CTRL,Scenario2,75,75,150,High,100,both,10,0.6,PTEN_null,-,101
653,CTRL,Scenario2,75,75,150,High,100,both,10,0.6,PTEN_null,-,2025
654,CTRL,Scenario2,75,75,150,High,100,both,10,0.6,PTEN_null,-,6789
655,CTRL,Scenario2,75,75,150,High,100,both,10,0.6,PTEN_null,-,13579
656,CTRL,Scenario2,75,75,150,High,100,both,10,0.6,PTEN_null,-,24680
657,CTRL,Scenario2,75,75,150,High,100,both,10,0.6,PTEN_null,-,73205
658,CTRL,Scenario2,75,75,150,High,100,both,10,0.6,PTEN_null,-,10939
659,CTRL,Scenario2,75,75,150,High,100,both,10,0.6,PTEN_null,-,84752
660,CTRL,Scenario2,75,75,150,High,100,both,10,0.6,PTEN_null,-,62700
